date,Hour,order_id
2015-01-01,11,2
2015-01-01,12,7
2015-01-01,13,10
2015-01-01,14,7
2015-01-01,15,7
2015-01-01,16,4
2015-01-01,17,8
2015-01-01,18,8
2015-01-01,19,6
2015-01-01,20,5
2015-01-01,21,2
2015-01-01,22,3
2015-01-02,11,4
2015-01-02,12,10
2015-01-02,13,3
2015-01-02,14,3
2015-01-02,15,4
2015-01-02,16,4
2015-01-02,17,5
2015-01-02,18,12
2015-01-02,19,8
2015-01-02,20,5
2015-01-02,21,5
2015-01-02,22,4
2015-01-03,11,3
2015-01-03,12,1
2015-01-03,13,5
2015-01-03,14,5
2015-01-03,15,9
2015-01-03,16,7
2015-01-03,17,11
2015-01-03,18,7
2015-01-03,19,3
2015-01-03,20,6
2015-01-03,21,5
2015-01-03,22,4
2015-01-04,11,4
2015-01-04,12,5
2015-01-04,13,4
2015-01-04,14,4
2015-01-04,15,3
2015-01-04,16,4
2015-01-04,17,4
2015-01-04,18,5
2015-01-04,19,4
2015-01-04,20,9
2015-01-04,21,3
2015-01-04,22,3
2015-01-05,11,4
2015-01-05,12,5
2015-01-05,13,6
2015-01-05,14,6
2015-01-05,15,3
2015-01-05,16,7
2015-01-05,17,8
2015-01-05,18,3
2015-01-05,19,6
2015-01-05,20,4
2015-01-05,21,2
2015-01-06,11,3
2015-01-06,12,10
2015-01-06,13,10
2015-01-06,14,5
2015-01-06,15,7
2015-01-06,16,5
2015-01-06,17,5
2015-01-06,18,7
2015-01-06,19,5
2015-01-06,20,4
2015-01-06,21,2
2015-01-06,22,1
2015-01-07,11,3
2015-01-07,12,11
2015-01-07,13,7
2015-01-07,14,5
2015-01-07,15,1
2015-01-07,16,8
2015-01-07,17,4
2015-01-07,18,7
2015-01-07,19,5
2015-01-07,20,3
2015-01-07,21,1
2015-01-07,22,3
2015-01-08,11,4
2015-01-08,12,12
2015-01-08,13,11
2015-01-08,14,8
2015-01-08,15,5
2015-01-08,16,4
2015-01-08,17,9
2015-01-08,18,7
2015-01-08,19,7
2015-01-08,20,1
2015-01-08,21,3
2015-01-08,22,1
2015-01-09,11,3
2015-01-09,12,9
2015-01-09,13,7
2015-01-09,14,3
2015-01-09,15,7
2015-01-09,16,3
2015-01-09,17,6
2015-01-09,18,7
2015-01-09,19,5
2015-01-09,20,6
2015-01-09,21,3
2015-01-09,22,3
2015-01-10,12,5
2015-01-10,13,11
2015-01-10,14,3
2015-01-10,15,2
2015-01-10,16,3
2015-01-10,17,6
2015-01-10,18,7
2015-01-10,19,11
2015-01-10,20,10
2015-01-10,21,4
2015-01-10,22,3
2015-01-11,11,4
2015-01-11,12,5
2015-01-11,13,6
2015-01-11,14,7
2015-01-11,16,8
2015-01-11,17,7
2015-01-11,18,4
2015-01-11,19,8
2015-01-11,20,1
2015-01-11,21,2
2015-01-12,11,2
2015-01-12,12,9
2015-01-12,13,5
2015-01-12,14,5
2015-01-12,15,8
2015-01-12,16,4
2015-01-12,17,6
2015-01-12,18,8
2015-01-12,19,5
2015-01-12,20,2
2015-01-12,21,1
2015-01-13,11,1
2015-01-13,12,5
2015-01-13,13,4
2015-01-13,14,4
2015-01-13,15,6
2015-01-13,16,8
2015-01-13,17,7
2015-01-13,18,5
2015-01-13,19,3
2015-01-13,20,3
2015-01-13,21,2
2015-01-14,11,5
2015-01-14,12,11
2015-01-14,13,4
2015-01-14,14,7
2015-01-14,15,1
2015-01-14,16,3
2015-01-14,17,9
2015-01-14,18,8
2015-01-14,19,3
2015-01-14,20,6
2015-01-14,21,4
2015-01-14,22,1
2015-01-15,11,2
2015-01-15,12,8
2015-01-15,13,7
2015-01-15,14,9
2015-01-15,15,5
2015-01-15,16,8
2015-01-15,17,6
2015-01-15,18,7
2015-01-15,19,5
2015-01-15,20,4
2015-01-15,21,1
2015-01-16,11,5
2015-01-16,12,4
2015-01-16,13,10
2015-01-16,14,2
2015-01-16,15,5
2015-01-16,16,5
2015-01-16,17,6
2015-01-16,18,5
2015-01-16,19,12
2015-01-16,20,4
2015-01-16,21,5
2015-01-16,22,4
2015-01-17,11,1
2015-01-17,12,4
2015-01-17,13,1
2015-01-17,14,7
2015-01-17,15,4
2015-01-17,16,3
2015-01-17,17,10
2015-01-17,18,4
2015-01-17,19,7
2015-01-17,20,3
2015-01-17,21,8
2015-01-17,22,3
2015-01-18,11,3
2015-01-18,12,3
2015-01-18,13,5
2015-01-18,14,8
2015-01-18,15,5
2015-01-18,16,6
2015-01-18,17,5
2015-01-18,18,8
2015-01-18,19,3
2015-01-18,20,3
2015-01-18,21,2
2015-01-19,11,6
2015-01-19,12,9
2015-01-19,13,5
2015-01-19,14,3
2015-01-19,15,3
2015-01-19,16,5
2015-01-19,17,8
2015-01-19,18,8
2015-01-19,19,5
2015-01-19,20,1
2015-01-19,21,2
2015-01-19,22,1
2015-01-20,11,6
2015-01-20,12,11
2015-01-20,13,4
2015-01-20,14,5
2015-01-20,15,5
2015-01-20,16,5
2015-01-20,17,4
2015-01-20,18,6
2015-01-20,19,8
2015-01-20,20,6
2015-01-20,22,4
2015-01-21,11,2
2015-01-21,12,4
2015-01-21,13,6
2015-01-21,14,5
2015-01-21,15,7
2015-01-21,16,7
2015-01-21,17,4
2015-01-21,18,6
2015-01-21,19,5
2015-01-21,20,2
2015-01-21,21,3
2015-01-22,11,2
2015-01-22,12,12
2015-01-22,13,11
2015-01-22,14,3
2015-01-22,15,4
2015-01-22,16,3
2015-01-22,17,12
2015-01-22,18,4
2015-01-22,19,5
2015-01-22,20,8
2015-01-22,21,2
2015-01-22,22,1
2015-01-22,23,1
2015-01-23,11,5
2015-01-23,12,8
2015-01-23,13,5
2015-01-23,14,6
2015-01-23,15,4
2015-01-23,16,7
2015-01-23,17,10
2015-01-23,18,7
2015-01-23,19,8
2015-01-23,20,5
2015-01-23,21,2
2015-01-23,22,2
2015-01-24,11,1
2015-01-24,12,3
2015-01-24,13,4
2015-01-24,14,7
2015-01-24,15,3
2015-01-24,16,7
2015-01-24,17,4
2015-01-24,18,7
2015-01-24,19,15
2015-01-24,20,8
2015-01-24,21,3
2015-01-24,22,1
2015-01-25,12,2
2015-01-25,13,4
2015-01-25,14,9
2015-01-25,15,3
2015-01-25,16,5
2015-01-25,17,5
2015-01-25,18,4
2015-01-25,19,4
2015-01-25,20,4
2015-01-25,21,4
2015-01-26,11,4
2015-01-26,12,6
2015-01-26,13,11
2015-01-26,14,9
2015-01-26,15,5
2015-01-26,16,5
2015-01-26,17,2
2015-01-26,18,4
2015-01-26,19,4
2015-01-26,20,2
2015-01-26,21,3
2015-01-27,11,3
2015-01-27,12,7
2015-01-27,13,9
2015-01-27,14,3
2015-01-27,15,4
2015-01-27,16,5
2015-01-27,17,8
2015-01-27,18,12
2015-01-27,19,1
2015-01-27,20,7
2015-01-27,21,3
2015-01-27,22,4
2015-01-28,11,8
2015-01-28,12,9
2015-01-28,13,6
2015-01-28,14,3
2015-01-28,15,5
2015-01-28,16,4
2015-01-28,17,2
2015-01-28,18,5
2015-01-28,19,3
2015-01-28,20,1
2015-01-28,21,4
2015-01-28,22,1
2015-01-29,11,3
2015-01-29,12,6
2015-01-29,13,13
2015-01-29,14,4
2015-01-29,15,2
2015-01-29,16,6
2015-01-29,17,1
2015-01-29,18,8
2015-01-29,19,4
2015-01-29,20,8
2015-01-29,21,2
2015-01-29,22,1
2015-01-30,11,4
2015-01-30,12,5
2015-01-30,13,4
2015-01-30,14,6
2015-01-30,15,3
2015-01-30,16,5
2015-01-30,17,6
2015-01-30,18,7
2015-01-30,19,6
2015-01-30,20,8
2015-01-30,21,9
2015-01-30,22,2
2015-01-31,11,3
2015-01-31,13,3
2015-01-31,14,5
2015-01-31,15,2
2015-01-31,16,7
2015-01-31,17,5
2015-01-31,18,11
2015-01-31,19,3
2015-01-31,20,9
2015-01-31,21,4
2015-01-31,22,2
2015-02-01,11,7
2015-02-01,12,6
2015-02-01,13,6
2015-02-01,14,6
2015-02-01,15,6
2015-02-01,16,11
2015-02-01,17,15
2015-02-01,18,8
2015-02-01,19,8
2015-02-01,20,7
2015-02-01,21,3
2015-02-01,22,4
2015-02-02,11,6
2015-02-02,12,7
2015-02-02,13,9
2015-02-02,14,3
2015-02-02,15,6
2015-02-02,16,5
2015-02-02,17,6
2015-02-02,18,3
2015-02-02,19,7
2015-02-02,20,4
2015-02-02,21,4
2015-02-02,22,3
2015-02-03,11,3
2015-02-03,12,11
2015-02-03,13,8
2015-02-03,14,5
2015-02-03,15,1
2015-02-03,16,8
2015-02-03,17,10
2015-02-03,18,7
2015-02-03,19,4
2015-02-03,20,3
2015-02-03,21,2
2015-02-04,11,5
2015-02-04,12,7
2015-02-04,13,5
2015-02-04,14,6
2015-02-04,15,3
2015-02-04,16,5
2015-02-04,17,7
2015-02-04,18,5
2015-02-04,19,3
2015-02-04,20,3
2015-02-04,21,5
2015-02-04,22,3
2015-02-05,11,1
2015-02-05,12,9
2015-02-05,13,5
2015-02-05,14,7
2015-02-05,15,3
2015-02-05,16,1
2015-02-05,17,5
2015-02-05,18,10
2015-02-05,19,4
2015-02-05,20,9
2015-02-05,21,5
2015-02-05,22,1
2015-02-06,11,6
2015-02-06,12,5
2015-02-06,13,11
2015-02-06,14,3
2015-02-06,15,3
2015-02-06,16,4
2015-02-06,17,8
2015-02-06,18,8
2015-02-06,19,5
2015-02-06,20,5
2015-02-06,21,6
2015-02-06,22,2
2015-02-07,11,2
2015-02-07,12,4
2015-02-07,13,5
2015-02-07,14,2
2015-02-07,15,8
2015-02-07,16,3
2015-02-07,17,6
2015-02-07,18,7
2015-02-07,19,9
2015-02-07,20,6
2015-02-07,21,8
2015-02-07,22,1
2015-02-08,11,1
2015-02-08,12,5
2015-02-08,13,4
2015-02-08,14,6
2015-02-08,15,5
2015-02-08,16,5
2015-02-08,17,5
2015-02-08,18,8
2015-02-08,19,3
2015-02-08,20,6
2015-02-08,21,2
2015-02-08,22,3
2015-02-09,11,3
2015-02-09,12,7
2015-02-09,13,4
2015-02-09,14,6
2015-02-09,15,3
2015-02-09,16,4
2015-02-09,17,8
2015-02-09,18,9
2015-02-09,19,5
2015-02-09,20,2
2015-02-09,21,2
2015-02-09,22,1
2015-02-10,11,3
2015-02-10,12,11
2015-02-10,13,8
2015-02-10,14,6
2015-02-10,15,2
2015-02-10,16,5
2015-02-10,17,8
2015-02-10,18,2
2015-02-10,19,3
2015-02-10,20,9
2015-02-10,21,2
2015-02-11,11,5
2015-02-11,12,11
2015-02-11,13,7
2015-02-11,14,5
2015-02-11,15,3
2015-02-11,16,1
2015-02-11,17,11
2015-02-11,18,7
2015-02-11,19,11
2015-02-11,20,4
2015-02-11,21,4
2015-02-12,11,6
2015-02-12,12,6
2015-02-12,13,6
2015-02-12,14,10
2015-02-12,15,7
2015-02-12,16,5
2015-02-12,17,6
2015-02-12,18,3
2015-02-12,19,2
2015-02-12,20,4
2015-02-12,21,1
2015-02-12,22,2
2015-02-13,11,6
2015-02-13,12,6
2015-02-13,13,10
2015-02-13,14,3
2015-02-13,15,2
2015-02-13,16,7
2015-02-13,17,5
2015-02-13,18,6
2015-02-13,19,2
2015-02-13,20,10
2015-02-13,21,7
2015-02-13,22,7
2015-02-14,11,1
2015-02-14,12,3
2015-02-14,13,2
2015-02-14,14,4
2015-02-14,15,3
2015-02-14,16,5
2015-02-14,17,9
2015-02-14,18,10
2015-02-14,19,7
2015-02-14,20,3
2015-02-14,21,5
2015-02-14,22,5
2015-02-15,11,5
2015-02-15,12,1
2015-02-15,13,3
2015-02-15,14,4
2015-02-15,15,3
2015-02-15,16,5
2015-02-15,17,15
2015-02-15,18,5
2015-02-15,19,5
2015-02-15,20,3
2015-02-15,21,6
2015-02-16,11,5
2015-02-16,12,10
2015-02-16,13,3
2015-02-16,14,4
2015-02-16,15,2
2015-02-16,16,4
2015-02-16,17,5
2015-02-16,18,8
2015-02-16,19,6
2015-02-16,20,1
2015-02-16,22,1
2015-02-17,11,4
2015-02-17,12,7
2015-02-17,13,9
2015-02-17,14,7
2015-02-17,15,2
2015-02-17,16,4
2015-02-17,17,10
2015-02-17,18,4
2015-02-17,19,4
2015-02-17,20,4
2015-02-17,21,2
2015-02-17,22,4
2015-02-18,11,6
2015-02-18,12,7
2015-02-18,13,7
2015-02-18,14,4
2015-02-18,15,3
2015-02-18,16,4
2015-02-18,17,5
2015-02-18,18,10
2015-02-18,19,4
2015-02-18,20,6
2015-02-18,21,3
2015-02-18,22,2
2015-02-19,11,3
2015-02-19,12,7
2015-02-19,13,9
2015-02-19,14,5
2015-02-19,15,6
2015-02-19,16,2
2015-02-19,17,8
2015-02-19,18,7
2015-02-19,19,5
2015-02-19,20,1
2015-02-19,21,3
2015-02-20,11,1
2015-02-20,12,10
2015-02-20,13,15
2015-02-20,14,4
2015-02-20,15,5
2015-02-20,16,4
2015-02-20,17,10
2015-02-20,18,2
2015-02-20,19,7
2015-02-20,20,7
2015-02-20,21,5
2015-02-20,22,3
2015-02-21,11,1
2015-02-21,12,9
2015-02-21,13,2
2015-02-21,14,3
2015-02-21,15,8
2015-02-21,16,5
2015-02-21,17,5
2015-02-21,18,7
2015-02-21,19,7
2015-02-21,20,3
2015-02-21,21,3
2015-02-21,22,2
2015-02-21,23,1
2015-02-22,11,1
2015-02-22,12,3
2015-02-22,13,3
2015-02-22,14,2
2015-02-22,15,5
2015-02-22,16,5
2015-02-22,17,2
2015-02-22,18,2
2015-02-22,19,5
2015-02-22,20,3
2015-02-22,21,5
2015-02-22,22,1
2015-02-23,11,3
2015-02-23,12,9
2015-02-23,13,7
2015-02-23,14,1
2015-02-23,15,3
2015-02-23,16,5
2015-02-23,17,11
2015-02-23,18,7
2015-02-23,19,2
2015-02-23,20,2
2015-02-23,21,2
2015-02-23,22,2
2015-02-24,11,3
2015-02-24,12,11
2015-02-24,13,6
2015-02-24,14,3
2015-02-24,15,2
2015-02-24,16,6
2015-02-24,17,6
2015-02-24,18,6
2015-02-24,19,5
2015-02-24,20,5
2015-02-24,21,4
2015-02-24,22,1
2015-02-25,10,1
2015-02-25,11,3
2015-02-25,12,11
2015-02-25,13,7
2015-02-25,14,3
2015-02-25,15,7
2015-02-25,16,4
2015-02-25,17,6
2015-02-25,18,6
2015-02-25,19,4
2015-02-25,20,7
2015-02-25,21,4
2015-02-26,12,9
2015-02-26,13,10
2015-02-26,14,4
2015-02-26,15,4
2015-02-26,16,7
2015-02-26,17,9
2015-02-26,18,5
2015-02-26,19,5
2015-02-26,20,1
2015-02-26,22,1
2015-02-27,11,3
2015-02-27,12,11
2015-02-27,13,7
2015-02-27,14,4
2015-02-27,15,2
2015-02-27,16,8
2015-02-27,17,9
2015-02-27,18,10
2015-02-27,19,8
2015-02-27,20,4
2015-02-27,21,4
2015-02-27,22,1
2015-02-28,11,3
2015-02-28,12,7
2015-02-28,13,3
2015-02-28,14,4
2015-02-28,15,3
2015-02-28,16,4
2015-02-28,17,6
2015-02-28,18,7
2015-02-28,19,6
2015-02-28,20,7
2015-02-28,21,8
2015-02-28,23,1
2015-03-01,11,2
2015-03-01,12,5
2015-03-01,13,1
2015-03-01,14,6
2015-03-01,15,4
2015-03-01,16,1
2015-03-01,17,7
2015-03-01,18,8
2015-03-01,19,7
2015-03-01,20,3
2015-03-01,21,1
2015-03-01,22,4
2015-03-02,11,3
2015-03-02,12,8
2015-03-02,13,9
2015-03-02,14,3
2015-03-02,15,7
2015-03-02,16,5
2015-03-02,17,6
2015-03-02,18,7
2015-03-02,19,3
2015-03-02,20,1
2015-03-02,21,5
2015-03-02,22,1
2015-03-03,11,3
2015-03-03,12,6
2015-03-03,13,11
2015-03-03,14,3
2015-03-03,15,4
2015-03-03,16,3
2015-03-03,17,7
2015-03-03,18,5
2015-03-03,19,5
2015-03-03,20,4
2015-03-03,21,2
2015-03-04,11,4
2015-03-04,12,9
2015-03-04,13,8
2015-03-04,14,5
2015-03-04,15,2
2015-03-04,16,7
2015-03-04,17,5
2015-03-04,18,9
2015-03-04,19,4
2015-03-04,20,5
2015-03-04,21,1
2015-03-05,11,3
2015-03-05,12,9
2015-03-05,13,15
2015-03-05,14,4
2015-03-05,15,7
2015-03-05,16,5
2015-03-05,17,9
2015-03-05,18,9
2015-03-05,19,1
2015-03-05,20,1
2015-03-05,21,1
2015-03-06,11,2
2015-03-06,12,13
2015-03-06,13,7
2015-03-06,14,3
2015-03-06,15,6
2015-03-06,16,3
2015-03-06,17,6
2015-03-06,18,7
2015-03-06,19,5
2015-03-06,20,5
2015-03-06,21,6
2015-03-06,22,3
2015-03-07,11,5
2015-03-07,12,4
2015-03-07,13,1
2015-03-07,14,2
2015-03-07,15,3
2015-03-07,16,7
2015-03-07,17,5
2015-03-07,18,7
2015-03-07,19,7
2015-03-07,20,7
2015-03-07,21,5
2015-03-07,22,4
2015-03-07,23,1
2015-03-08,11,1
2015-03-08,12,6
2015-03-08,13,6
2015-03-08,14,6
2015-03-08,15,7
2015-03-08,16,6
2015-03-08,17,9
2015-03-08,18,9
2015-03-08,19,3
2015-03-08,20,7
2015-03-08,21,2
2015-03-09,11,5
2015-03-09,12,2
2015-03-09,13,8
2015-03-09,14,5
2015-03-09,15,2
2015-03-09,16,6
2015-03-09,17,9
2015-03-09,18,8
2015-03-09,19,4
2015-03-09,20,4
2015-03-09,21,3
2015-03-10,11,3
2015-03-10,12,10
2015-03-10,13,9
2015-03-10,14,8
2015-03-10,15,3
2015-03-10,16,4
2015-03-10,17,5
2015-03-10,18,5
2015-03-10,19,3
2015-03-10,20,5
2015-03-10,21,2
2015-03-10,22,2
2015-03-11,12,10
2015-03-11,13,8
2015-03-11,14,7
2015-03-11,15,4
2015-03-11,16,9
2015-03-11,17,7
2015-03-11,18,8
2015-03-11,19,2
2015-03-11,20,1
2015-03-11,21,2
2015-03-11,22,4
2015-03-12,11,3
2015-03-12,12,8
2015-03-12,13,5
2015-03-12,14,3
2015-03-12,15,7
2015-03-12,16,5
2015-03-12,17,5
2015-03-12,18,8
2015-03-12,19,3
2015-03-12,20,3
2015-03-12,22,1
2015-03-13,11,2
2015-03-13,12,10
2015-03-13,13,6
2015-03-13,14,4
2015-03-13,15,3
2015-03-13,16,2
2015-03-13,17,12
2015-03-13,18,5
2015-03-13,19,11
2015-03-13,20,9
2015-03-13,21,5
2015-03-13,22,2
2015-03-14,12,6
2015-03-14,13,6
2015-03-14,14,4
2015-03-14,15,3
2015-03-14,16,10
2015-03-14,17,4
2015-03-14,18,9
2015-03-14,19,3
2015-03-14,20,6
2015-03-14,21,4
2015-03-14,22,1
2015-03-15,11,3
2015-03-15,12,2
2015-03-15,13,6
2015-03-15,14,3
2015-03-15,15,6
2015-03-15,16,10
2015-03-15,17,2
2015-03-15,18,8
2015-03-15,19,4
2015-03-15,20,2
2015-03-15,21,2
2015-03-15,22,1
2015-03-16,11,2
2015-03-16,12,13
2015-03-16,13,9
2015-03-16,14,4
2015-03-16,15,2
2015-03-16,16,8
2015-03-16,17,8
2015-03-16,18,8
2015-03-16,19,9
2015-03-16,20,1
2015-03-16,21,1
2015-03-16,22,1
2015-03-17,11,3
2015-03-17,12,4
2015-03-17,13,6
2015-03-17,14,6
2015-03-17,15,4
2015-03-17,16,10
2015-03-17,17,9
2015-03-17,18,5
2015-03-17,19,14
2015-03-17,20,5
2015-03-17,21,5
2015-03-18,11,2
2015-03-18,12,12
2015-03-18,13,8
2015-03-18,14,4
2015-03-18,15,1
2015-03-18,16,2
2015-03-18,17,9
2015-03-18,18,6
2015-03-18,19,5
2015-03-18,20,8
2015-03-18,21,3
2015-03-18,22,2
2015-03-19,11,6
2015-03-19,12,5
2015-03-19,13,8
2015-03-19,14,3
2015-03-19,15,2
2015-03-19,16,4
2015-03-19,17,6
2015-03-19,18,5
2015-03-19,19,11
2015-03-19,20,5
2015-03-19,21,2
2015-03-19,22,1
2015-03-20,11,2
2015-03-20,12,8
2015-03-20,13,8
2015-03-20,14,4
2015-03-20,15,4
2015-03-20,16,3
2015-03-20,17,5
2015-03-20,18,9
2015-03-20,19,9
2015-03-20,20,5
2015-03-20,21,6
2015-03-20,22,3
2015-03-21,11,3
2015-03-21,12,2
2015-03-21,13,8
2015-03-21,14,10
2015-03-21,15,2
2015-03-21,16,6
2015-03-21,17,3
2015-03-21,18,5
2015-03-21,19,7
2015-03-21,20,6
2015-03-21,21,3
2015-03-21,22,1
2015-03-22,12,4
2015-03-22,13,4
2015-03-22,14,3
2015-03-22,15,1
2015-03-22,16,6
2015-03-22,17,4
2015-03-22,18,4
2015-03-22,19,5
2015-03-22,20,3
2015-03-22,21,3
2015-03-23,11,7
2015-03-23,12,10
2015-03-23,13,6
2015-03-23,14,2
2015-03-23,15,2
2015-03-23,16,7
2015-03-23,17,8
2015-03-23,18,4
2015-03-23,19,6
2015-03-23,20,4
2015-03-23,21,1
2015-03-23,22,4
2015-03-24,11,5
2015-03-24,12,10
2015-03-24,13,3
2015-03-24,14,3
2015-03-24,15,2
2015-03-24,16,9
2015-03-24,17,9
2015-03-24,18,4
2015-03-24,19,5
2015-03-24,20,5
2015-03-24,21,1
2015-03-24,22,4
2015-03-25,11,4
2015-03-25,12,8
2015-03-25,13,8
2015-03-25,14,3
2015-03-25,15,1
2015-03-25,16,2
2015-03-25,17,8
2015-03-25,18,5
2015-03-25,19,5
2015-03-25,20,5
2015-03-25,21,6
2015-03-25,22,1
2015-03-26,11,7
2015-03-26,12,8
2015-03-26,13,6
2015-03-26,14,8
2015-03-26,15,4
2015-03-26,16,5
2015-03-26,17,10
2015-03-26,18,9
2015-03-26,19,2
2015-03-26,20,5
2015-03-26,21,1
2015-03-27,11,3
2015-03-27,12,9
2015-03-27,13,8
2015-03-27,14,4
2015-03-27,15,1
2015-03-27,16,7
2015-03-27,17,12
2015-03-27,18,7
2015-03-27,19,8
2015-03-27,20,4
2015-03-27,21,4
2015-03-27,22,4
2015-03-28,11,1
2015-03-28,12,8
2015-03-28,13,3
2015-03-28,14,5
2015-03-28,15,5
2015-03-28,16,8
2015-03-28,17,6
2015-03-28,18,6
2015-03-28,19,7
2015-03-28,20,8
2015-03-28,22,3
2015-03-29,11,3
2015-03-29,12,6
2015-03-29,13,5
2015-03-29,14,4
2015-03-29,15,5
2015-03-29,16,8
2015-03-29,17,5
2015-03-29,18,5
2015-03-29,19,9
2015-03-29,20,3
2015-03-29,22,1
2015-03-30,10,1
2015-03-30,11,4
2015-03-30,12,9
2015-03-30,13,6
2015-03-30,14,2
2015-03-30,15,6
2015-03-30,16,7
2015-03-30,17,5
2015-03-30,18,8
2015-03-30,19,3
2015-03-30,20,3
2015-03-30,21,8
2015-03-31,11,1
2015-03-31,12,7
2015-03-31,13,11
2015-03-31,14,5
2015-03-31,15,5
2015-03-31,16,4
2015-03-31,17,9
2015-03-31,18,7
2015-03-31,19,5
2015-03-31,20,3
2015-03-31,21,3
2015-03-31,22,2
2015-04-01,11,3
2015-04-01,12,14
2015-04-01,13,6
2015-04-01,14,4
2015-04-01,15,5
2015-04-01,16,5
2015-04-01,17,7
2015-04-01,18,4
2015-04-01,19,11
2015-04-01,20,2
2015-04-01,21,3
2015-04-01,22,3
2015-04-02,11,4
2015-04-02,12,13
2015-04-02,13,7
2015-04-02,14,1
2015-04-02,15,5
2015-04-02,16,7
2015-04-02,17,7
2015-04-02,18,5
2015-04-02,19,4
2015-04-02,20,3
2015-04-02,21,3
2015-04-02,22,3
2015-04-03,11,3
2015-04-03,12,10
2015-04-03,13,8
2015-04-03,14,4
2015-04-03,15,4
2015-04-03,16,5
2015-04-03,17,4
2015-04-03,18,6
2015-04-03,19,7
2015-04-03,20,6
2015-04-03,21,3
2015-04-03,22,4
2015-04-04,10,1
2015-04-04,12,5
2015-04-04,13,9
2015-04-04,14,6
2015-04-04,15,2
2015-04-04,16,6
2015-04-04,17,3
2015-04-04,18,9
2015-04-04,19,7
2015-04-04,20,10
2015-04-04,21,5
2015-04-04,22,3
2015-04-05,11,1
2015-04-05,12,3
2015-04-05,13,9
2015-04-05,14,2
2015-04-05,15,1
2015-04-05,16,7
2015-04-05,17,7
2015-04-05,18,7
2015-04-05,19,8
2015-04-05,20,2
2015-04-05,21,2
2015-04-05,22,1
2015-04-06,11,4
2015-04-06,12,11
2015-04-06,13,9
2015-04-06,14,3
2015-04-06,15,3
2015-04-06,16,2
2015-04-06,17,7
2015-04-06,18,7
2015-04-06,19,6
2015-04-06,20,3
2015-04-06,21,4
2015-04-06,22,1
2015-04-07,11,1
2015-04-07,12,11
2015-04-07,13,5
2015-04-07,14,6
2015-04-07,15,2
2015-04-07,16,6
2015-04-07,17,6
2015-04-07,18,9
2015-04-07,19,2
2015-04-07,20,5
2015-04-07,21,4
2015-04-07,22,4
2015-04-08,11,5
2015-04-08,12,4
2015-04-08,13,12
2015-04-08,14,1
2015-04-08,15,6
2015-04-08,16,5
2015-04-08,17,9
2015-04-08,18,6
2015-04-08,19,5
2015-04-08,20,1
2015-04-08,21,5
2015-04-08,22,1
2015-04-09,11,6
2015-04-09,12,4
2015-04-09,13,6
2015-04-09,14,4
2015-04-09,15,3
2015-04-09,16,6
2015-04-09,17,6
2015-04-09,18,8
2015-04-09,19,2
2015-04-09,20,5
2015-04-09,22,2
2015-04-10,11,4
2015-04-10,12,8
2015-04-10,13,2
2015-04-10,14,4
2015-04-10,15,4
2015-04-10,16,6
2015-04-10,17,9
2015-04-10,18,6
2015-04-10,20,10
2015-04-10,21,2
2015-04-10,22,3
2015-04-10,23,1
2015-04-11,11,1
2015-04-11,12,2
2015-04-11,13,6
2015-04-11,14,4
2015-04-11,15,8
2015-04-11,16,7
2015-04-11,17,5
2015-04-11,18,8
2015-04-11,19,5
2015-04-11,20,7
2015-04-11,21,6
2015-04-11,22,4
2015-04-12,11,5
2015-04-12,12,6
2015-04-12,13,4
2015-04-12,14,3
2015-04-12,15,4
2015-04-12,16,3
2015-04-12,17,10
2015-04-12,18,4
2015-04-12,19,5
2015-04-12,20,3
2015-04-12,21,2
2015-04-12,22,4
2015-04-13,11,6
2015-04-13,12,8
2015-04-13,13,10
2015-04-13,14,7
2015-04-13,15,3
2015-04-13,16,4
2015-04-13,17,8
2015-04-13,18,6
2015-04-13,19,6
2015-04-13,20,2
2015-04-13,21,6
2015-04-14,11,1
2015-04-14,12,14
2015-04-14,13,3
2015-04-14,14,2
2015-04-14,15,6
2015-04-14,16,4
2015-04-14,17,2
2015-04-14,18,6
2015-04-14,19,4
2015-04-14,20,2
2015-04-14,21,5
2015-04-14,22,1
2015-04-15,11,5
2015-04-15,12,6
2015-04-15,13,9
2015-04-15,14,5
2015-04-15,15,6
2015-04-15,16,7
2015-04-15,17,8
2015-04-15,18,8
2015-04-15,19,7
2015-04-15,20,1
2015-04-15,21,2
2015-04-15,22,3
2015-04-16,11,3
2015-04-16,12,6
2015-04-16,13,5
2015-04-16,14,3
2015-04-16,15,4
2015-04-16,16,5
2015-04-16,17,9
2015-04-16,18,8
2015-04-16,19,4
2015-04-16,20,2
2015-04-16,21,1
2015-04-16,22,5
2015-04-17,11,3
2015-04-17,12,10
2015-04-17,13,10
2015-04-17,14,7
2015-04-17,15,1
2015-04-17,17,9
2015-04-17,18,7
2015-04-17,19,7
2015-04-17,20,5
2015-04-17,21,3
2015-04-17,22,2
2015-04-18,11,2
2015-04-18,12,6
2015-04-18,13,7
2015-04-18,14,2
2015-04-18,15,4
2015-04-18,16,5
2015-04-18,17,10
2015-04-18,18,4
2015-04-18,19,9
2015-04-18,20,10
2015-04-18,21,2
2015-04-18,22,1
2015-04-19,11,3
2015-04-19,12,3
2015-04-19,13,4
2015-04-19,14,3
2015-04-19,15,8
2015-04-19,16,4
2015-04-19,17,7
2015-04-19,18,6
2015-04-19,19,8
2015-04-19,20,1
2015-04-19,21,2
2015-04-19,22,1
2015-04-20,11,4
2015-04-20,12,15
2015-04-20,13,6
2015-04-20,14,1
2015-04-20,15,7
2015-04-20,16,5
2015-04-20,17,9
2015-04-20,18,9
2015-04-20,19,5
2015-04-20,20,5
2015-04-20,21,4
2015-04-21,11,4
2015-04-21,12,9
2015-04-21,13,7
2015-04-21,14,5
2015-04-21,15,3
2015-04-21,16,8
2015-04-21,17,3
2015-04-21,18,7
2015-04-21,19,8
2015-04-21,20,5
2015-04-21,21,2
2015-04-21,22,1
2015-04-22,11,6
2015-04-22,12,6
2015-04-22,13,7
2015-04-22,14,4
2015-04-22,15,4
2015-04-22,16,6
2015-04-22,17,4
2015-04-22,18,11
2015-04-22,19,2
2015-04-22,20,6
2015-04-22,21,3
2015-04-23,11,2
2015-04-23,12,7
2015-04-23,13,7
2015-04-23,14,5
2015-04-23,15,4
2015-04-23,16,7
2015-04-23,17,8
2015-04-23,18,6
2015-04-23,19,7
2015-04-23,20,2
2015-04-23,21,1
2015-04-23,22,1
2015-04-24,11,3
2015-04-24,12,7
2015-04-24,13,9
2015-04-24,14,5
2015-04-24,15,4
2015-04-24,16,7
2015-04-24,17,8
2015-04-24,18,5
2015-04-24,19,11
2015-04-24,20,2
2015-04-24,21,3
2015-04-24,22,7
2015-04-25,12,3
2015-04-25,13,11
2015-04-25,14,3
2015-04-25,15,4
2015-04-25,16,4
2015-04-25,17,7
2015-04-25,18,9
2015-04-25,19,7
2015-04-25,20,5
2015-04-25,21,5
2015-04-25,22,3
2015-04-25,23,1
2015-04-26,11,3
2015-04-26,12,4
2015-04-26,13,5
2015-04-26,14,4
2015-04-26,15,9
2015-04-26,16,1
2015-04-26,17,7
2015-04-26,18,5
2015-04-26,19,6
2015-04-26,20,2
2015-04-26,21,7
2015-04-26,22,3
2015-04-27,11,7
2015-04-27,12,7
2015-04-27,13,7
2015-04-27,14,2
2015-04-27,15,7
2015-04-27,16,8
2015-04-27,17,9
2015-04-27,18,5
2015-04-27,19,4
2015-04-27,20,7
2015-04-27,21,3
2015-04-27,22,1
2015-04-28,11,4
2015-04-28,12,6
2015-04-28,13,9
2015-04-28,14,2
2015-04-28,15,2
2015-04-28,16,5
2015-04-28,17,9
2015-04-28,18,3
2015-04-28,19,6
2015-04-28,22,2
2015-04-29,11,9
2015-04-29,12,4
2015-04-29,13,3
2015-04-29,14,2
2015-04-29,15,2
2015-04-29,16,7
2015-04-29,17,9
2015-04-29,18,2
2015-04-29,19,5
2015-04-29,20,8
2015-04-29,21,2
2015-04-30,11,4
2015-04-30,12,8
2015-04-30,13,10
2015-04-30,14,3
2015-04-30,15,4
2015-04-30,16,4
2015-04-30,17,14
2015-04-30,18,5
2015-04-30,19,6
2015-04-30,20,2
2015-04-30,21,2
2015-04-30,22,1
2015-05-01,11,5
2015-05-01,12,14
2015-05-01,13,8
2015-05-01,14,4
2015-05-01,15,2
2015-05-01,16,7
2015-05-01,17,8
2015-05-01,18,3
2015-05-01,19,10
2015-05-01,20,5
2015-05-01,21,6
2015-05-01,22,3
2015-05-02,11,2
2015-05-02,12,5
2015-05-02,13,2
2015-05-02,14,6
2015-05-02,15,4
2015-05-02,16,7
2015-05-02,17,9
2015-05-02,18,7
2015-05-02,19,7
2015-05-02,20,10
2015-05-02,21,5
2015-05-02,22,4
2015-05-03,11,1
2015-05-03,12,5
2015-05-03,13,5
2015-05-03,14,4
2015-05-03,15,6
2015-05-03,16,5
2015-05-03,17,8
2015-05-03,18,1
2015-05-03,19,7
2015-05-03,20,4
2015-05-03,21,2
2015-05-03,22,1
2015-05-04,11,2
2015-05-04,12,6
2015-05-04,13,7
2015-05-04,14,5
2015-05-04,15,3
2015-05-04,16,8
2015-05-04,17,9
2015-05-04,18,4
2015-05-04,19,7
2015-05-04,20,3
2015-05-04,21,1
2015-05-05,11,3
2015-05-05,12,3
2015-05-05,13,5
2015-05-05,14,4
2015-05-05,15,1
2015-05-05,16,9
2015-05-05,17,5
2015-05-05,18,6
2015-05-05,19,3
2015-05-05,20,5
2015-05-05,21,4
2015-05-05,22,1
2015-05-06,11,2
2015-05-06,12,10
2015-05-06,13,5
2015-05-06,14,1
2015-05-06,15,6
2015-05-06,16,6
2015-05-06,17,8
2015-05-06,18,8
2015-05-06,19,3
2015-05-06,20,2
2015-05-06,21,4
2015-05-07,10,1
2015-05-07,11,4
2015-05-07,12,5
2015-05-07,13,11
2015-05-07,14,4
2015-05-07,15,3
2015-05-07,16,4
2015-05-07,17,7
2015-05-07,18,7
2015-05-07,19,4
2015-05-07,20,6
2015-05-07,21,1
2015-05-07,22,1
2015-05-08,11,4
2015-05-08,12,9
2015-05-08,13,9
2015-05-08,14,1
2015-05-08,15,3
2015-05-08,16,7
2015-05-08,17,8
2015-05-08,18,5
2015-05-08,19,11
2015-05-08,20,5
2015-05-08,21,9
2015-05-09,11,2
2015-05-09,12,3
2015-05-09,13,5
2015-05-09,14,4
2015-05-09,15,5
2015-05-09,16,4
2015-05-09,17,10
2015-05-09,18,6
2015-05-09,19,5
2015-05-09,20,7
2015-05-09,21,3
2015-05-09,22,2
2015-05-10,11,1
2015-05-10,12,8
2015-05-10,13,1
2015-05-10,14,3
2015-05-10,15,8
2015-05-10,16,5
2015-05-10,17,12
2015-05-10,18,6
2015-05-10,19,3
2015-05-10,20,3
2015-05-10,21,4
2015-05-10,22,1
2015-05-11,11,7
2015-05-11,12,4
2015-05-11,13,10
2015-05-11,14,5
2015-05-11,15,1
2015-05-11,16,5
2015-05-11,17,9
2015-05-11,18,4
2015-05-11,19,10
2015-05-11,20,2
2015-05-11,21,3
2015-05-12,11,2
2015-05-12,12,9
2015-05-12,13,9
2015-05-12,14,4
2015-05-12,15,4
2015-05-12,16,7
2015-05-12,17,8
2015-05-12,18,5
2015-05-12,19,5
2015-05-12,20,4
2015-05-12,21,4
2015-05-12,22,1
2015-05-13,11,7
2015-05-13,12,9
2015-05-13,13,5
2015-05-13,14,6
2015-05-13,15,6
2015-05-13,16,4
2015-05-13,17,8
2015-05-13,18,5
2015-05-13,19,6
2015-05-13,20,5
2015-05-13,22,2
2015-05-14,11,3
2015-05-14,12,11
2015-05-14,13,12
2015-05-14,14,4
2015-05-14,15,3
2015-05-14,16,3
2015-05-14,17,7
2015-05-14,18,9
2015-05-14,19,6
2015-05-14,20,7
2015-05-14,21,4
2015-05-15,11,7
2015-05-15,12,4
2015-05-15,13,13
2015-05-15,14,6
2015-05-15,15,3
2015-05-15,16,5
2015-05-15,17,10
2015-05-15,18,12
2015-05-15,19,12
2015-05-15,20,9
2015-05-15,21,9
2015-05-15,22,4
2015-05-16,11,2
2015-05-16,12,2
2015-05-16,13,5
2015-05-16,14,6
2015-05-16,15,4
2015-05-16,16,5
2015-05-16,17,10
2015-05-16,18,5
2015-05-16,19,8
2015-05-16,20,6
2015-05-16,21,8
2015-05-17,11,1
2015-05-17,12,2
2015-05-17,13,7
2015-05-17,14,3
2015-05-17,15,6
2015-05-17,16,4
2015-05-17,17,4
2015-05-17,18,6
2015-05-17,19,5
2015-05-17,20,4
2015-05-17,21,6
2015-05-17,22,1
2015-05-18,11,7
2015-05-18,12,7
2015-05-18,13,4
2015-05-18,14,5
2015-05-18,15,4
2015-05-18,16,6
2015-05-18,17,5
2015-05-18,18,6
2015-05-18,19,5
2015-05-18,20,5
2015-05-18,22,3
2015-05-19,11,5
2015-05-19,12,8
2015-05-19,13,6
2015-05-19,14,2
2015-05-19,15,3
2015-05-19,16,4
2015-05-19,17,4
2015-05-19,18,4
2015-05-19,19,7
2015-05-19,20,2
2015-05-19,21,1
2015-05-20,11,3
2015-05-20,12,8
2015-05-20,13,6
2015-05-20,14,7
2015-05-20,15,8
2015-05-20,16,4
2015-05-20,17,7
2015-05-20,18,7
2015-05-20,19,5
2015-05-20,20,4
2015-05-20,21,1
2015-05-20,22,4
2015-05-21,11,2
2015-05-21,12,6
2015-05-21,13,10
2015-05-21,14,4
2015-05-21,15,2
2015-05-21,16,5
2015-05-21,17,8
2015-05-21,18,7
2015-05-21,19,7
2015-05-21,20,4
2015-05-21,21,3
2015-05-22,11,2
2015-05-22,12,10
2015-05-22,13,5
2015-05-22,14,2
2015-05-22,15,2
2015-05-22,16,13
2015-05-22,17,4
2015-05-22,18,7
2015-05-22,19,9
2015-05-22,20,9
2015-05-22,21,2
2015-05-22,22,5
2015-05-22,23,1
2015-05-23,12,7
2015-05-23,13,4
2015-05-23,14,4
2015-05-23,15,2
2015-05-23,16,7
2015-05-23,17,4
2015-05-23,18,6
2015-05-23,19,8
2015-05-23,20,6
2015-05-23,21,8
2015-05-23,22,3
2015-05-24,11,2
2015-05-24,12,5
2015-05-24,13,8
2015-05-24,14,4
2015-05-24,15,6
2015-05-24,16,7
2015-05-24,17,6
2015-05-24,18,6
2015-05-24,19,5
2015-05-24,20,5
2015-05-24,21,3
2015-05-24,22,2
2015-05-25,11,7
2015-05-25,12,5
2015-05-25,13,6
2015-05-25,14,5
2015-05-25,15,2
2015-05-25,16,4
2015-05-25,17,4
2015-05-25,18,6
2015-05-25,19,5
2015-05-25,20,6
2015-05-25,21,5
2015-05-25,22,1
2015-05-26,11,2
2015-05-26,12,5
2015-05-26,13,4
2015-05-26,14,1
2015-05-26,15,2
2015-05-26,16,3
2015-05-26,17,8
2015-05-26,18,6
2015-05-26,19,5
2015-05-26,20,4
2015-05-26,21,5
2015-05-26,22,3
2015-05-27,11,3
2015-05-27,12,6
2015-05-27,13,10
2015-05-27,14,3
2015-05-27,15,5
2015-05-27,16,1
2015-05-27,17,11
2015-05-27,18,6
2015-05-27,19,4
2015-05-27,20,2
2015-05-27,21,1
2015-05-27,22,3
2015-05-28,11,5
2015-05-28,12,10
2015-05-28,13,6
2015-05-28,14,5
2015-05-28,15,8
2015-05-28,16,1
2015-05-28,17,4
2015-05-28,18,7
2015-05-28,19,6
2015-05-28,20,1
2015-05-28,22,1
2015-05-29,11,4
2015-05-29,12,5
2015-05-29,13,8
2015-05-29,14,4
2015-05-29,15,3
2015-05-29,16,6
2015-05-29,17,4
2015-05-29,18,7
2015-05-29,19,7
2015-05-29,20,8
2015-05-29,21,8
2015-05-29,22,4
2015-05-30,11,2
2015-05-30,12,5
2015-05-30,13,4
2015-05-30,14,2
2015-05-30,15,8
2015-05-30,16,7
2015-05-30,17,4
2015-05-30,18,6
2015-05-30,19,3
2015-05-30,20,10
2015-05-30,21,5
2015-05-30,22,3
2015-05-31,12,3
2015-05-31,13,4
2015-05-31,14,3
2015-05-31,15,4
2015-05-31,16,7
2015-05-31,17,5
2015-05-31,18,7
2015-05-31,19,6
2015-05-31,20,4
2015-05-31,21,5
2015-05-31,22,2
2015-06-01,11,10
2015-06-01,12,10
2015-06-01,13,6
2015-06-01,14,7
2015-06-01,15,10
2015-06-01,16,5
2015-06-01,17,4
2015-06-01,18,7
2015-06-01,19,6
2015-06-01,20,4
2015-06-01,21,3
2015-06-02,11,5
2015-06-02,12,5
2015-06-02,13,10
2015-06-02,14,4
2015-06-02,15,6
2015-06-02,16,8
2015-06-02,17,5
2015-06-02,18,5
2015-06-02,19,5
2015-06-02,20,1
2015-06-02,21,2
2015-06-02,22,3
2015-06-03,11,3
2015-06-03,12,10
2015-06-03,13,8
2015-06-03,14,4
2015-06-03,15,4
2015-06-03,16,6
2015-06-03,17,6
2015-06-03,18,2
2015-06-03,19,2
2015-06-03,20,4
2015-06-03,21,2
2015-06-04,11,2
2015-06-04,12,9
2015-06-04,13,9
2015-06-04,14,4
2015-06-04,15,4
2015-06-04,16,8
2015-06-04,17,2
2015-06-04,18,8
2015-06-04,19,5
2015-06-04,20,3
2015-06-04,21,2
2015-06-05,11,3
2015-06-05,12,9
2015-06-05,13,5
2015-06-05,14,5
2015-06-05,15,6
2015-06-05,16,5
2015-06-05,17,5
2015-06-05,18,11
2015-06-05,19,8
2015-06-05,20,4
2015-06-05,21,4
2015-06-05,22,3
2015-06-05,23,1
2015-06-06,12,4
2015-06-06,13,8
2015-06-06,14,4
2015-06-06,15,4
2015-06-06,16,5
2015-06-06,17,7
2015-06-06,18,6
2015-06-06,19,10
2015-06-06,20,5
2015-06-06,21,3
2015-06-06,22,4
2015-06-06,23,1
2015-06-07,11,1
2015-06-07,12,5
2015-06-07,13,3
2015-06-07,14,4
2015-06-07,15,7
2015-06-07,16,7
2015-06-07,17,7
2015-06-07,18,10
2015-06-07,19,4
2015-06-07,20,2
2015-06-07,21,3
2015-06-07,22,2
2015-06-08,11,4
2015-06-08,12,9
2015-06-08,13,7
2015-06-08,14,4
2015-06-08,15,1
2015-06-08,16,3
2015-06-08,17,8
2015-06-08,18,12
2015-06-08,19,4
2015-06-08,20,3
2015-06-08,21,2
2015-06-08,22,1
2015-06-09,11,3
2015-06-09,12,12
2015-06-09,13,6
2015-06-09,14,9
2015-06-09,15,2
2015-06-09,16,6
2015-06-09,17,9
2015-06-09,18,4
2015-06-09,19,4
2015-06-09,20,7
2015-06-09,21,3
2015-06-10,11,3
2015-06-10,12,11
2015-06-10,13,9
2015-06-10,14,3
2015-06-10,15,3
2015-06-10,16,4
2015-06-10,17,5
2015-06-10,18,9
2015-06-10,19,2
2015-06-10,20,2
2015-06-10,21,1
2015-06-10,22,2
2015-06-11,11,4
2015-06-11,12,9
2015-06-11,13,9
2015-06-11,14,6
2015-06-11,15,4
2015-06-11,16,6
2015-06-11,17,7
2015-06-11,18,8
2015-06-11,19,3
2015-06-11,20,7
2015-06-11,21,5
2015-06-12,11,1
2015-06-12,12,8
2015-06-12,13,6
2015-06-12,14,6
2015-06-12,15,8
2015-06-12,16,4
2015-06-12,17,7
2015-06-12,18,5
2015-06-12,19,4
2015-06-12,20,9
2015-06-12,21,2
2015-06-12,22,1
2015-06-13,12,3
2015-06-13,13,8
2015-06-13,14,5
2015-06-13,15,1
2015-06-13,16,9
2015-06-13,17,4
2015-06-13,18,11
2015-06-13,19,4
2015-06-13,20,9
2015-06-13,21,6
2015-06-13,22,4
2015-06-14,12,6
2015-06-14,13,4
2015-06-14,14,5
2015-06-14,15,3
2015-06-14,16,7
2015-06-14,17,4
2015-06-14,18,9
2015-06-14,19,3
2015-06-14,20,4
2015-06-14,21,3
2015-06-15,11,2
2015-06-15,12,12
2015-06-15,13,8
2015-06-15,14,2
2015-06-15,15,5
2015-06-15,16,10
2015-06-15,17,9
2015-06-15,18,9
2015-06-15,19,4
2015-06-15,20,5
2015-06-15,21,6
2015-06-15,22,1
2015-06-16,11,2
2015-06-16,12,7
2015-06-16,13,8
2015-06-16,14,2
2015-06-16,15,2
2015-06-16,16,4
2015-06-16,17,7
2015-06-16,18,6
2015-06-16,19,9
2015-06-16,20,3
2015-06-16,21,1
2015-06-16,22,3
2015-06-17,10,1
2015-06-17,11,6
2015-06-17,12,10
2015-06-17,13,2
2015-06-17,14,6
2015-06-17,15,6
2015-06-17,16,4
2015-06-17,17,6
2015-06-17,18,5
2015-06-17,19,3
2015-06-17,20,1
2015-06-17,21,4
2015-06-18,11,6
2015-06-18,12,8
2015-06-18,13,9
2015-06-18,14,4
2015-06-18,15,3
2015-06-18,16,8
2015-06-18,17,3
2015-06-18,18,7
2015-06-18,19,6
2015-06-18,20,1
2015-06-18,21,1
2015-06-19,11,2
2015-06-19,12,12
2015-06-19,13,7
2015-06-19,14,8
2015-06-19,15,4
2015-06-19,16,7
2015-06-19,17,5
2015-06-19,18,4
2015-06-19,19,5
2015-06-19,20,8
2015-06-19,21,8
2015-06-19,22,4
2015-06-20,11,3
2015-06-20,12,6
2015-06-20,13,3
2015-06-20,14,3
2015-06-20,15,3
2015-06-20,16,4
2015-06-20,17,5
2015-06-20,18,6
2015-06-20,19,2
2015-06-20,20,6
2015-06-20,21,3
2015-06-20,22,3
2015-06-20,23,1
2015-06-21,11,2
2015-06-21,12,3
2015-06-21,13,6
2015-06-21,14,9
2015-06-21,15,3
2015-06-21,16,4
2015-06-21,17,3
2015-06-21,18,8
2015-06-21,19,4
2015-06-21,20,4
2015-06-21,21,4
2015-06-21,22,1
2015-06-22,11,3
2015-06-22,12,7
2015-06-22,13,7
2015-06-22,14,3
2015-06-22,15,5
2015-06-22,16,4
2015-06-22,17,4
2015-06-22,18,6
2015-06-22,19,6
2015-06-22,20,5
2015-06-22,21,4
2015-06-22,22,1
2015-06-23,11,4
2015-06-23,12,11
2015-06-23,13,6
2015-06-23,14,6
2015-06-23,15,3
2015-06-23,16,3
2015-06-23,17,4
2015-06-23,18,8
2015-06-23,19,4
2015-06-23,20,5
2015-06-23,21,4
2015-06-23,22,1
2015-06-24,11,3
2015-06-24,12,8
2015-06-24,13,8
2015-06-24,14,6
2015-06-24,15,1
2015-06-24,16,2
2015-06-24,17,12
2015-06-24,18,6
2015-06-24,19,6
2015-06-24,20,5
2015-06-24,21,4
2015-06-24,22,1
2015-06-25,11,6
2015-06-25,12,6
2015-06-25,13,6
2015-06-25,14,4
2015-06-25,15,8
2015-06-25,16,3
2015-06-25,17,7
2015-06-25,18,5
2015-06-25,19,7
2015-06-25,20,4
2015-06-25,21,3
2015-06-25,22,1
2015-06-26,11,4
2015-06-26,12,7
2015-06-26,13,7
2015-06-26,14,4
2015-06-26,15,5
2015-06-26,16,8
2015-06-26,17,3
2015-06-26,18,7
2015-06-26,19,3
2015-06-26,20,7
2015-06-26,21,4
2015-06-26,22,3
2015-06-26,23,2
2015-06-27,11,4
2015-06-27,12,4
2015-06-27,13,5
2015-06-27,14,4
2015-06-27,15,7
2015-06-27,16,3
2015-06-27,17,8
2015-06-27,18,16
2015-06-27,19,10
2015-06-27,20,5
2015-06-27,21,3
2015-06-27,22,2
2015-06-28,12,2
2015-06-28,13,3
2015-06-28,14,8
2015-06-28,15,4
2015-06-28,16,4
2015-06-28,17,8
2015-06-28,18,3
2015-06-28,19,6
2015-06-28,20,4
2015-06-28,21,2
2015-06-28,22,1
2015-06-29,11,7
2015-06-29,12,7
2015-06-29,13,3
2015-06-29,14,3
2015-06-29,15,4
2015-06-29,16,3
2015-06-29,17,8
2015-06-29,18,9
2015-06-29,19,2
2015-06-29,20,4
2015-06-29,21,2
2015-06-29,22,1
2015-06-30,11,5
2015-06-30,12,7
2015-06-30,13,8
2015-06-30,14,6
2015-06-30,15,3
2015-06-30,16,6
2015-06-30,17,4
2015-06-30,18,6
2015-06-30,19,1
2015-06-30,20,4
2015-06-30,21,2
2015-06-30,22,1
2015-07-01,11,6
2015-07-01,12,5
2015-07-01,13,9
2015-07-01,14,2
2015-07-01,15,5
2015-07-01,16,8
2015-07-01,17,10
2015-07-01,18,9
2015-07-01,19,5
2015-07-01,20,5
2015-07-01,21,2
2015-07-02,10,1
2015-07-02,11,8
2015-07-02,12,11
2015-07-02,13,9
2015-07-02,15,6
2015-07-02,16,7
2015-07-02,17,9
2015-07-02,18,3
2015-07-02,19,4
2015-07-02,20,2
2015-07-02,21,3
2015-07-03,11,6
2015-07-03,12,9
2015-07-03,13,9
2015-07-03,14,5
2015-07-03,15,6
2015-07-03,16,5
2015-07-03,17,8
2015-07-03,18,8
2015-07-03,19,8
2015-07-03,20,13
2015-07-03,21,9
2015-07-03,22,7
2015-07-04,12,4
2015-07-04,13,8
2015-07-04,14,9
2015-07-04,15,6
2015-07-04,16,10
2015-07-04,17,8
2015-07-04,18,14
2015-07-04,19,14
2015-07-04,20,11
2015-07-04,21,13
2015-07-04,22,6
2015-07-04,23,2
2015-07-05,11,1
2015-07-05,12,5
2015-07-05,13,5
2015-07-05,14,2
2015-07-05,15,5
2015-07-05,16,2
2015-07-05,17,5
2015-07-05,18,6
2015-07-05,19,2
2015-07-05,20,7
2015-07-05,21,1
2015-07-06,11,2
2015-07-06,12,11
2015-07-06,13,8
2015-07-06,14,5
2015-07-06,15,3
2015-07-06,16,2
2015-07-06,17,8
2015-07-06,18,10
2015-07-06,19,3
2015-07-06,20,4
2015-07-06,21,1
2015-07-06,22,1
2015-07-07,11,4
2015-07-07,12,7
2015-07-07,13,5
2015-07-07,15,5
2015-07-07,16,3
2015-07-07,17,11
2015-07-07,18,6
2015-07-07,19,4
2015-07-07,20,5
2015-07-07,21,1
2015-07-07,22,2
2015-07-08,11,8
2015-07-08,12,11
2015-07-08,13,5
2015-07-08,14,8
2015-07-08,15,4
2015-07-08,16,3
2015-07-08,17,6
2015-07-08,18,6
2015-07-08,19,7
2015-07-08,20,3
2015-07-08,21,3
2015-07-08,22,2
2015-07-09,11,6
2015-07-09,12,10
2015-07-09,13,6
2015-07-09,14,2
2015-07-09,15,3
2015-07-09,16,8
2015-07-09,17,7
2015-07-09,18,4
2015-07-09,19,6
2015-07-09,20,5
2015-07-09,21,1
2015-07-10,11,4
2015-07-10,12,9
2015-07-10,13,7
2015-07-10,14,6
2015-07-10,15,7
2015-07-10,16,4
2015-07-10,17,4
2015-07-10,18,9
2015-07-10,19,6
2015-07-10,20,5
2015-07-10,21,3
2015-07-10,22,7
2015-07-11,11,1
2015-07-11,12,5
2015-07-11,13,4
2015-07-11,14,3
2015-07-11,15,3
2015-07-11,16,7
2015-07-11,17,5
2015-07-11,18,6
2015-07-11,19,6
2015-07-11,20,9
2015-07-11,21,3
2015-07-11,22,1
2015-07-12,11,2
2015-07-12,12,3
2015-07-12,13,8
2015-07-12,14,4
2015-07-12,15,1
2015-07-12,16,7
2015-07-12,17,8
2015-07-12,18,10
2015-07-12,19,2
2015-07-12,20,4
2015-07-12,21,4
2015-07-12,22,4
2015-07-12,23,1
2015-07-13,11,11
2015-07-13,12,6
2015-07-13,13,6
2015-07-13,14,2
2015-07-13,15,4
2015-07-13,16,4
2015-07-13,17,6
2015-07-13,18,6
2015-07-13,19,7
2015-07-13,20,1
2015-07-13,21,1
2015-07-14,11,4
2015-07-14,12,9
2015-07-14,13,9
2015-07-14,14,3
2015-07-14,15,5
2015-07-14,16,4
2015-07-14,17,3
2015-07-14,18,3
2015-07-14,19,11
2015-07-14,20,4
2015-07-14,21,2
2015-07-14,22,2
2015-07-15,11,4
2015-07-15,12,10
2015-07-15,13,7
2015-07-15,14,3
2015-07-15,15,6
2015-07-15,16,8
2015-07-15,17,8
2015-07-15,18,4
2015-07-15,19,2
2015-07-15,20,3
2015-07-15,21,4
2015-07-15,22,3
2015-07-16,11,4
2015-07-16,12,8
2015-07-16,13,3
2015-07-16,14,5
2015-07-16,15,4
2015-07-16,16,8
2015-07-16,17,6
2015-07-16,18,5
2015-07-16,19,5
2015-07-16,20,3
2015-07-16,21,2
2015-07-16,22,3
2015-07-17,11,3
2015-07-17,12,7
2015-07-17,13,8
2015-07-17,14,7
2015-07-17,15,5
2015-07-17,16,8
2015-07-17,17,5
2015-07-17,18,7
2015-07-17,19,5
2015-07-17,20,8
2015-07-17,21,13
2015-07-17,22,5
2015-07-17,23,1
2015-07-18,11,1
2015-07-18,12,4
2015-07-18,13,7
2015-07-18,14,2
2015-07-18,15,5
2015-07-18,16,7
2015-07-18,17,3
2015-07-18,18,10
2015-07-18,19,9
2015-07-18,20,3
2015-07-18,21,2
2015-07-18,22,1
2015-07-19,12,1
2015-07-19,13,9
2015-07-19,14,3
2015-07-19,15,7
2015-07-19,16,8
2015-07-19,17,4
2015-07-19,18,12
2015-07-19,19,5
2015-07-19,21,3
2015-07-19,22,1
2015-07-20,11,5
2015-07-20,12,4
2015-07-20,13,10
2015-07-20,14,4
2015-07-20,15,9
2015-07-20,16,3
2015-07-20,17,4
2015-07-20,18,7
2015-07-20,19,8
2015-07-20,20,4
2015-07-20,21,1
2015-07-21,11,5
2015-07-21,12,6
2015-07-21,13,6
2015-07-21,14,4
2015-07-21,15,8
2015-07-21,16,5
2015-07-21,17,3
2015-07-21,18,7
2015-07-21,19,4
2015-07-21,20,3
2015-07-21,21,4
2015-07-22,11,5
2015-07-22,12,8
2015-07-22,13,13
2015-07-22,14,3
2015-07-22,15,4
2015-07-22,16,4
2015-07-22,17,7
2015-07-22,18,5
2015-07-22,19,8
2015-07-22,20,1
2015-07-22,21,4
2015-07-22,22,3
2015-07-23,11,7
2015-07-23,12,5
2015-07-23,13,12
2015-07-23,14,5
2015-07-23,15,4
2015-07-23,16,5
2015-07-23,17,6
2015-07-23,18,6
2015-07-23,19,7
2015-07-23,20,4
2015-07-23,21,3
2015-07-23,22,1
2015-07-24,11,7
2015-07-24,12,7
2015-07-24,13,6
2015-07-24,14,5
2015-07-24,15,2
2015-07-24,16,3
2015-07-24,17,8
2015-07-24,18,18
2015-07-24,19,6
2015-07-24,20,4
2015-07-24,21,5
2015-07-24,22,4
2015-07-25,11,3
2015-07-25,12,5
2015-07-25,13,2
2015-07-25,14,3
2015-07-25,15,3
2015-07-25,16,4
2015-07-25,17,7
2015-07-25,18,7
2015-07-25,19,9
2015-07-25,20,7
2015-07-25,21,4
2015-07-25,22,3
2015-07-26,11,2
2015-07-26,12,3
2015-07-26,13,7
2015-07-26,14,5
2015-07-26,15,5
2015-07-26,16,9
2015-07-26,17,6
2015-07-26,18,5
2015-07-26,19,4
2015-07-26,20,6
2015-07-26,21,3
2015-07-26,22,1
2015-07-26,23,1
2015-07-27,11,3
2015-07-27,12,6
2015-07-27,13,10
2015-07-27,14,3
2015-07-27,15,3
2015-07-27,16,6
2015-07-27,17,5
2015-07-27,18,5
2015-07-27,19,3
2015-07-27,20,5
2015-07-27,21,2
2015-07-27,22,2
2015-07-28,11,5
2015-07-28,12,10
2015-07-28,13,5
2015-07-28,14,2
2015-07-28,15,4
2015-07-28,16,4
2015-07-28,17,10
2015-07-28,18,12
2015-07-28,19,5
2015-07-28,20,3
2015-07-29,12,4
2015-07-29,13,9
2015-07-29,14,5
2015-07-29,15,4
2015-07-29,16,5
2015-07-29,17,5
2015-07-29,18,8
2015-07-29,19,3
2015-07-29,20,4
2015-07-29,21,2
2015-07-30,11,7
2015-07-30,12,7
2015-07-30,13,11
2015-07-30,14,6
2015-07-30,15,2
2015-07-30,16,7
2015-07-30,17,7
2015-07-30,18,8
2015-07-30,19,2
2015-07-30,20,4
2015-07-30,21,2
2015-07-30,22,4
2015-07-31,11,4
2015-07-31,12,4
2015-07-31,13,11
2015-07-31,14,4
2015-07-31,15,6
2015-07-31,16,8
2015-07-31,17,2
2015-07-31,18,7
2015-07-31,19,9
2015-07-31,20,7
2015-07-31,21,2
2015-07-31,22,4
2015-08-01,11,2
2015-08-01,12,3
2015-08-01,13,9
2015-08-01,14,5
2015-08-01,15,5
2015-08-01,16,7
2015-08-01,17,6
2015-08-01,18,14
2015-08-01,19,7
2015-08-01,20,8
2015-08-01,21,4
2015-08-01,22,4
2015-08-02,12,4
2015-08-02,13,4
2015-08-02,14,3
2015-08-02,15,4
2015-08-02,16,4
2015-08-02,17,10
2015-08-02,18,3
2015-08-02,19,1
2015-08-02,20,7
2015-08-02,21,6
2015-08-02,22,2
2015-08-03,11,5
2015-08-03,12,8
2015-08-03,13,9
2015-08-03,14,8
2015-08-03,15,2
2015-08-03,16,3
2015-08-03,17,3
2015-08-03,18,4
2015-08-03,19,7
2015-08-03,20,5
2015-08-03,21,4
2015-08-04,11,6
2015-08-04,12,4
2015-08-04,13,9
2015-08-04,14,3
2015-08-04,15,3
2015-08-04,16,9
2015-08-04,17,4
2015-08-04,18,7
2015-08-04,19,5
2015-08-04,20,2
2015-08-04,21,4
2015-08-04,22,2
2015-08-05,11,9
2015-08-05,12,6
2015-08-05,13,6
2015-08-05,14,4
2015-08-05,15,6
2015-08-05,16,2
2015-08-05,17,7
2015-08-05,18,9
2015-08-05,19,5
2015-08-05,20,4
2015-08-05,21,1
2015-08-05,22,1
2015-08-06,11,5
2015-08-06,12,10
2015-08-06,13,8
2015-08-06,14,7
2015-08-06,15,3
2015-08-06,16,5
2015-08-06,17,9
2015-08-06,18,6
2015-08-06,19,5
2015-08-06,20,2
2015-08-06,21,1
2015-08-07,11,5
2015-08-07,12,8
2015-08-07,13,5
2015-08-07,14,5
2015-08-07,15,5
2015-08-07,17,5
2015-08-07,18,8
2015-08-07,19,8
2015-08-07,20,4
2015-08-07,21,7
2015-08-07,22,5
2015-08-08,12,3
2015-08-08,13,3
2015-08-08,14,4
2015-08-08,15,4
2015-08-08,16,10
2015-08-08,17,7
2015-08-08,18,11
2015-08-08,19,8
2015-08-08,20,5
2015-08-08,21,8
2015-08-08,22,6
2015-08-09,11,1
2015-08-09,12,4
2015-08-09,13,5
2015-08-09,14,6
2015-08-09,15,4
2015-08-09,16,8
2015-08-09,17,5
2015-08-09,18,5
2015-08-09,19,5
2015-08-09,20,4
2015-08-09,21,7
2015-08-09,22,1
2015-08-10,11,7
2015-08-10,12,7
2015-08-10,13,5
2015-08-10,14,3
2015-08-10,15,2
2015-08-10,16,9
2015-08-10,17,3
2015-08-10,18,10
2015-08-10,19,2
2015-08-10,20,3
2015-08-10,21,4
2015-08-10,22,4
2015-08-11,11,5
2015-08-11,12,8
2015-08-11,13,9
2015-08-11,14,4
2015-08-11,15,5
2015-08-11,16,4
2015-08-11,17,3
2015-08-11,18,6
2015-08-11,19,5
2015-08-11,20,7
2015-08-11,21,6
2015-08-11,22,2
2015-08-12,11,4
2015-08-12,12,5
2015-08-12,13,7
2015-08-12,14,4
2015-08-12,15,5
2015-08-12,16,8
2015-08-12,17,5
2015-08-12,18,7
2015-08-12,19,6
2015-08-12,20,1
2015-08-12,21,2
2015-08-13,11,5
2015-08-13,12,10
2015-08-13,13,9
2015-08-13,14,3
2015-08-13,15,6
2015-08-13,16,6
2015-08-13,17,1
2015-08-13,18,5
2015-08-13,19,5
2015-08-13,20,2
2015-08-13,21,1
2015-08-13,22,2
2015-08-14,11,4
2015-08-14,12,9
2015-08-14,13,16
2015-08-14,14,7
2015-08-14,15,7
2015-08-14,16,4
2015-08-14,17,8
2015-08-14,18,4
2015-08-14,19,9
2015-08-14,20,5
2015-08-14,21,4
2015-08-14,22,3
2015-08-14,23,1
2015-08-15,11,2
2015-08-15,12,4
2015-08-15,13,3
2015-08-15,14,4
2015-08-15,15,6
2015-08-15,16,8
2015-08-15,17,8
2015-08-15,18,8
2015-08-15,19,9
2015-08-15,20,9
2015-08-15,21,6
2015-08-15,22,5
2015-08-16,11,4
2015-08-16,12,4
2015-08-16,13,4
2015-08-16,15,3
2015-08-16,16,4
2015-08-16,17,9
2015-08-16,18,8
2015-08-16,19,8
2015-08-16,20,5
2015-08-16,21,1
2015-08-17,11,6
2015-08-17,12,7
2015-08-17,13,7
2015-08-17,14,4
2015-08-17,15,6
2015-08-17,16,4
2015-08-17,17,9
2015-08-17,18,5
2015-08-17,19,7
2015-08-17,20,3
2015-08-17,21,3
2015-08-17,22,1
2015-08-18,11,7
2015-08-18,12,6
2015-08-18,13,7
2015-08-18,14,1
2015-08-18,15,6
2015-08-18,16,3
2015-08-18,17,8
2015-08-18,18,7
2015-08-18,19,4
2015-08-18,20,3
2015-08-18,21,3
2015-08-18,22,2
2015-08-19,11,8
2015-08-19,12,7
2015-08-19,13,6
2015-08-19,14,5
2015-08-19,15,4
2015-08-19,16,5
2015-08-19,17,2
2015-08-19,18,9
2015-08-19,19,2
2015-08-19,20,3
2015-08-19,21,2
2015-08-19,22,3
2015-08-20,11,6
2015-08-20,12,4
2015-08-20,13,6
2015-08-20,14,5
2015-08-20,15,2
2015-08-20,16,3
2015-08-20,17,8
2015-08-20,18,9
2015-08-20,19,3
2015-08-20,20,5
2015-08-20,21,3
2015-08-20,22,1
2015-08-21,11,2
2015-08-21,12,12
2015-08-21,13,5
2015-08-21,14,1
2015-08-21,15,2
2015-08-21,16,5
2015-08-21,17,8
2015-08-21,18,10
2015-08-21,19,10
2015-08-21,20,8
2015-08-21,21,3
2015-08-21,22,2
2015-08-21,23,1
2015-08-22,11,2
2015-08-22,12,5
2015-08-22,13,3
2015-08-22,14,6
2015-08-22,15,2
2015-08-22,16,6
2015-08-22,17,5
2015-08-22,18,10
2015-08-22,19,10
2015-08-22,20,2
2015-08-22,21,6
2015-08-22,22,3
2015-08-23,11,2
2015-08-23,12,8
2015-08-23,13,3
2015-08-23,14,4
2015-08-23,15,3
2015-08-23,16,6
2015-08-23,17,2
2015-08-23,18,5
2015-08-23,19,7
2015-08-23,20,5
2015-08-23,21,2
2015-08-23,22,1
2015-08-24,11,2
2015-08-24,12,3
2015-08-24,13,9
2015-08-24,14,5
2015-08-24,15,7
2015-08-24,16,9
2015-08-24,17,5
2015-08-24,18,5
2015-08-24,19,1
2015-08-24,20,5
2015-08-24,21,3
2015-08-25,11,2
2015-08-25,12,8
2015-08-25,13,5
2015-08-25,14,3
2015-08-25,15,2
2015-08-25,16,6
2015-08-25,17,6
2015-08-25,18,8
2015-08-25,19,7
2015-08-25,20,4
2015-08-25,21,1
2015-08-25,22,1
2015-08-26,11,4
2015-08-26,12,7
2015-08-26,13,4
2015-08-26,14,3
2015-08-26,15,8
2015-08-26,16,6
2015-08-26,17,8
2015-08-26,18,6
2015-08-26,19,5
2015-08-26,20,2
2015-08-26,21,3
2015-08-26,22,3
2015-08-27,11,8
2015-08-27,12,10
2015-08-27,13,5
2015-08-27,14,3
2015-08-27,15,2
2015-08-27,16,7
2015-08-27,17,8
2015-08-27,18,7
2015-08-27,19,4
2015-08-27,20,3
2015-08-27,21,1
2015-08-27,22,1
2015-08-28,11,7
2015-08-28,12,2
2015-08-28,13,11
2015-08-28,14,3
2015-08-28,15,4
2015-08-28,16,6
2015-08-28,17,3
2015-08-28,18,6
2015-08-28,19,8
2015-08-28,20,8
2015-08-28,21,6
2015-08-28,22,3
2015-08-28,23,1
2015-08-29,11,1
2015-08-29,12,3
2015-08-29,13,10
2015-08-29,14,6
2015-08-29,15,6
2015-08-29,16,5
2015-08-29,17,3
2015-08-29,18,3
2015-08-29,19,4
2015-08-29,20,3
2015-08-29,21,13
2015-08-29,22,3
2015-08-30,11,2
2015-08-30,12,1
2015-08-30,13,2
2015-08-30,14,6
2015-08-30,15,3
2015-08-30,16,5
2015-08-30,17,5
2015-08-30,18,7
2015-08-30,19,6
2015-08-30,20,2
2015-08-30,21,1
2015-08-30,22,1
2015-08-31,11,4
2015-08-31,12,10
2015-08-31,13,8
2015-08-31,14,4
2015-08-31,15,1
2015-08-31,16,5
2015-08-31,17,7
2015-08-31,18,6
2015-08-31,19,5
2015-08-31,20,3
2015-08-31,21,2
2015-08-31,22,2
2015-09-01,11,5
2015-09-01,12,8
2015-09-01,13,12
2015-09-01,14,5
2015-09-01,15,3
2015-09-01,16,5
2015-09-01,17,6
2015-09-01,18,5
2015-09-01,19,3
2015-09-01,20,6
2015-09-01,21,2
2015-09-01,22,1
2015-09-02,11,4
2015-09-02,12,8
2015-09-02,13,7
2015-09-02,14,4
2015-09-02,16,7
2015-09-02,17,5
2015-09-02,18,4
2015-09-02,19,3
2015-09-02,20,5
2015-09-02,22,1
2015-09-03,11,6
2015-09-03,12,6
2015-09-03,13,10
2015-09-03,14,3
2015-09-03,15,2
2015-09-03,16,6
2015-09-03,17,9
2015-09-03,18,9
2015-09-03,19,3
2015-09-03,20,3
2015-09-03,21,1
2015-09-03,22,1
2015-09-04,11,4
2015-09-04,12,12
2015-09-04,13,5
2015-09-04,14,5
2015-09-04,15,4
2015-09-04,16,5
2015-09-04,17,5
2015-09-04,18,11
2015-09-04,19,3
2015-09-04,20,2
2015-09-04,21,5
2015-09-04,22,5
2015-09-05,11,4
2015-09-05,12,4
2015-09-05,13,4
2015-09-05,14,6
2015-09-05,15,6
2015-09-05,16,3
2015-09-05,17,7
2015-09-05,18,5
2015-09-05,19,5
2015-09-05,20,7
2015-09-05,21,6
2015-09-05,22,2
2015-09-06,11,1
2015-09-06,12,5
2015-09-06,13,1
2015-09-06,14,5
2015-09-06,15,3
2015-09-06,16,3
2015-09-06,17,11
2015-09-06,18,7
2015-09-06,19,7
2015-09-06,20,1
2015-09-06,21,3
2015-09-07,11,4
2015-09-07,12,10
2015-09-07,13,9
2015-09-07,14,4
2015-09-07,15,2
2015-09-07,16,3
2015-09-07,17,9
2015-09-07,18,7
2015-09-07,19,5
2015-09-07,20,2
2015-09-07,21,4
2015-09-07,23,1
2015-09-08,11,2
2015-09-08,12,11
2015-09-08,13,5
2015-09-08,14,7
2015-09-08,15,5
2015-09-08,16,4
2015-09-08,17,4
2015-09-08,18,8
2015-09-08,19,9
2015-09-08,20,1
2015-09-08,21,3
2015-09-08,22,2
2015-09-09,11,6
2015-09-09,12,5
2015-09-09,13,6
2015-09-09,14,4
2015-09-09,15,4
2015-09-09,16,7
2015-09-09,17,9
2015-09-09,18,9
2015-09-09,19,1
2015-09-09,20,3
2015-09-09,21,4
2015-09-09,22,1
2015-09-10,10,1
2015-09-10,11,6
2015-09-10,12,8
2015-09-10,13,9
2015-09-10,14,4
2015-09-10,15,3
2015-09-10,16,10
2015-09-10,17,5
2015-09-10,18,4
2015-09-10,19,7
2015-09-10,20,2
2015-09-10,21,3
2015-09-11,11,3
2015-09-11,12,5
2015-09-11,13,9
2015-09-11,14,9
2015-09-11,15,6
2015-09-11,16,5
2015-09-11,17,15
2015-09-11,18,7
2015-09-11,19,6
2015-09-11,20,4
2015-09-11,21,5
2015-09-11,22,3
2015-09-12,11,1
2015-09-12,12,3
2015-09-12,13,10
2015-09-12,14,4
2015-09-12,15,4
2015-09-12,16,5
2015-09-12,17,11
2015-09-12,18,9
2015-09-12,19,8
2015-09-12,20,4
2015-09-12,21,6
2015-09-12,22,2
2015-09-13,12,7
2015-09-13,13,6
2015-09-13,14,4
2015-09-13,15,2
2015-09-13,16,5
2015-09-13,17,2
2015-09-13,18,7
2015-09-13,19,6
2015-09-13,20,5
2015-09-13,21,3
2015-09-13,22,2
2015-09-14,11,2
2015-09-14,12,12
2015-09-14,13,9
2015-09-14,14,6
2015-09-14,15,1
2015-09-14,16,6
2015-09-14,17,7
2015-09-14,18,2
2015-09-14,19,3
2015-09-14,20,9
2015-09-14,21,2
2015-09-14,22,1
2015-09-15,11,4
2015-09-15,12,7
2015-09-15,13,6
2015-09-15,14,4
2015-09-15,15,7
2015-09-15,16,8
2015-09-15,17,6
2015-09-15,18,3
2015-09-15,19,5
2015-09-15,20,5
2015-09-15,21,5
2015-09-15,22,5
2015-09-16,11,2
2015-09-16,12,13
2015-09-16,13,6
2015-09-16,14,6
2015-09-16,15,5
2015-09-16,16,3
2015-09-16,17,5
2015-09-16,18,6
2015-09-16,19,9
2015-09-16,21,5
2015-09-16,22,1
2015-09-17,11,2
2015-09-17,12,6
2015-09-17,13,7
2015-09-17,14,3
2015-09-17,15,5
2015-09-17,16,11
2015-09-17,17,8
2015-09-17,18,8
2015-09-17,19,3
2015-09-17,20,4
2015-09-17,21,1
2015-09-18,11,5
2015-09-18,12,9
2015-09-18,13,11
2015-09-18,14,1
2015-09-18,15,1
2015-09-18,16,3
2015-09-18,17,9
2015-09-18,18,11
2015-09-18,19,4
2015-09-18,20,7
2015-09-18,21,10
2015-09-18,22,1
2015-09-19,11,4
2015-09-19,12,5
2015-09-19,13,2
2015-09-19,14,3
2015-09-19,15,5
2015-09-19,16,4
2015-09-19,17,9
2015-09-19,18,8
2015-09-19,19,9
2015-09-19,20,4
2015-09-19,21,5
2015-09-19,22,1
2015-09-20,11,4
2015-09-20,12,4
2015-09-20,13,2
2015-09-20,14,3
2015-09-20,15,3
2015-09-20,16,6
2015-09-20,17,7
2015-09-20,18,8
2015-09-20,19,4
2015-09-20,20,3
2015-09-20,21,3
2015-09-20,22,1
2015-09-21,11,7
2015-09-21,12,9
2015-09-21,13,5
2015-09-21,14,1
2015-09-21,15,2
2015-09-21,16,6
2015-09-21,17,7
2015-09-21,18,5
2015-09-21,19,4
2015-09-21,20,6
2015-09-21,21,3
2015-09-21,22,2
2015-09-22,11,2
2015-09-22,12,6
2015-09-22,13,6
2015-09-22,14,6
2015-09-22,15,2
2015-09-22,16,12
2015-09-22,18,5
2015-09-22,19,6
2015-09-22,20,6
2015-09-22,21,3
2015-09-23,11,6
2015-09-23,12,8
2015-09-23,13,7
2015-09-23,15,4
2015-09-23,16,9
2015-09-23,17,6
2015-09-23,18,6
2015-09-23,19,5
2015-09-23,20,5
2015-09-23,21,3
2015-09-23,22,1
2015-09-26,11,2
2015-09-26,12,5
2015-09-26,13,2
2015-09-26,14,6
2015-09-26,15,4
2015-09-26,16,4
2015-09-26,17,2
2015-09-26,18,7
2015-09-26,19,7
2015-09-26,20,9
2015-09-26,21,6
2015-09-26,22,2
2015-09-27,11,2
2015-09-27,12,3
2015-09-27,13,12
2015-09-27,15,7
2015-09-27,16,3
2015-09-27,17,10
2015-09-27,18,2
2015-09-27,19,8
2015-09-27,20,8
2015-09-27,21,5
2015-09-27,22,1
2015-09-28,11,5
2015-09-28,12,6
2015-09-28,13,6
2015-09-28,14,2
2015-09-28,15,8
2015-09-28,16,4
2015-09-28,17,6
2015-09-28,18,7
2015-09-28,19,7
2015-09-28,21,2
2015-09-29,11,6
2015-09-29,12,7
2015-09-29,13,7
2015-09-29,14,4
2015-09-29,15,5
2015-09-29,16,7
2015-09-29,17,4
2015-09-29,18,8
2015-09-29,19,1
2015-09-29,20,5
2015-09-29,21,4
2015-09-29,22,2
2015-09-30,11,6
2015-09-30,12,5
2015-09-30,13,9
2015-09-30,14,1
2015-09-30,15,5
2015-09-30,16,7
2015-09-30,17,10
2015-09-30,18,4
2015-09-30,19,6
2015-09-30,20,5
2015-09-30,21,3
2015-09-30,22,1
2015-10-01,11,3
2015-10-01,12,11
2015-10-01,13,13
2015-10-01,14,9
2015-10-01,15,6
2015-10-01,16,4
2015-10-01,17,10
2015-10-01,18,13
2015-10-01,19,6
2015-10-01,20,5
2015-10-01,21,3
2015-10-01,22,1
2015-10-02,11,3
2015-10-02,12,7
2015-10-02,13,11
2015-10-02,14,3
2015-10-02,15,3
2015-10-02,16,3
2015-10-02,17,5
2015-10-02,18,8
2015-10-02,19,4
2015-10-02,20,5
2015-10-02,21,3
2015-10-02,22,6
2015-10-03,11,1
2015-10-03,12,6
2015-10-03,13,4
2015-10-03,14,6
2015-10-03,15,7
2015-10-03,16,6
2015-10-03,17,6
2015-10-03,18,4
2015-10-03,19,8
2015-10-03,20,3
2015-10-03,21,6
2015-10-03,22,3
2015-10-03,23,1
2015-10-04,10,1
2015-10-04,11,3
2015-10-04,12,2
2015-10-04,13,6
2015-10-04,14,5
2015-10-04,15,2
2015-10-04,16,4
2015-10-04,17,4
2015-10-04,18,3
2015-10-04,19,7
2015-10-04,20,7
2015-10-04,21,6
2015-10-04,22,2
2015-10-06,11,3
2015-10-06,12,7
2015-10-06,13,10
2015-10-06,14,5
2015-10-06,15,6
2015-10-06,16,7
2015-10-06,17,2
2015-10-06,18,5
2015-10-06,19,8
2015-10-06,20,4
2015-10-06,21,3
2015-10-06,22,1
2015-10-07,11,5
2015-10-07,12,8
2015-10-07,13,10
2015-10-07,14,2
2015-10-07,15,1
2015-10-07,16,10
2015-10-07,17,4
2015-10-07,18,10
2015-10-07,19,5
2015-10-07,20,3
2015-10-07,21,2
2015-10-07,22,1
2015-10-08,11,3
2015-10-08,12,9
2015-10-08,13,4
2015-10-08,14,5
2015-10-08,15,3
2015-10-08,16,4
2015-10-08,17,3
2015-10-08,18,7
2015-10-08,19,3
2015-10-08,20,5
2015-10-08,21,3
2015-10-09,11,1
2015-10-09,12,9
2015-10-09,13,8
2015-10-09,14,4
2015-10-09,15,2
2015-10-09,16,1
2015-10-09,17,4
2015-10-09,18,8
2015-10-09,19,5
2015-10-09,20,9
2015-10-09,21,6
2015-10-09,22,3
2015-10-10,11,2
2015-10-10,12,4
2015-10-10,13,4
2015-10-10,14,8
2015-10-10,15,3
2015-10-10,16,5
2015-10-10,17,6
2015-10-10,18,5
2015-10-10,19,4
2015-10-10,20,10
2015-10-10,21,4
2015-10-10,22,6
2015-10-11,11,1
2015-10-11,12,3
2015-10-11,13,4
2015-10-11,14,3
2015-10-11,15,4
2015-10-11,16,4
2015-10-11,17,9
2015-10-11,18,5
2015-10-11,19,4
2015-10-11,20,3
2015-10-11,21,2
2015-10-13,11,4
2015-10-13,12,8
2015-10-13,13,4
2015-10-13,14,5
2015-10-13,15,6
2015-10-13,16,4
2015-10-13,17,6
2015-10-13,18,5
2015-10-13,19,8
2015-10-13,20,5
2015-10-13,21,1
2015-10-13,22,2
2015-10-14,11,1
2015-10-14,12,14
2015-10-14,13,7
2015-10-14,14,4
2015-10-14,15,2
2015-10-14,16,5
2015-10-14,17,5
2015-10-14,18,6
2015-10-14,19,3
2015-10-14,20,9
2015-10-14,21,1
2015-10-15,11,7
2015-10-15,12,12
2015-10-15,13,19
2015-10-15,14,4
2015-10-15,15,5
2015-10-15,16,7
2015-10-15,17,18
2015-10-15,18,9
2015-10-15,19,8
2015-10-15,20,9
2015-10-15,21,5
2015-10-15,22,4
2015-10-16,11,4
2015-10-16,12,7
2015-10-16,13,7
2015-10-16,14,5
2015-10-16,15,2
2015-10-16,16,6
2015-10-16,17,7
2015-10-16,18,10
2015-10-16,19,5
2015-10-16,20,4
2015-10-16,21,6
2015-10-16,22,1
2015-10-17,12,3
2015-10-17,13,6
2015-10-17,15,5
2015-10-17,16,5
2015-10-17,17,6
2015-10-17,18,7
2015-10-17,19,8
2015-10-17,20,5
2015-10-17,21,2
2015-10-17,22,8
2015-10-18,11,1
2015-10-18,12,4
2015-10-18,13,5
2015-10-18,14,3
2015-10-18,15,5
2015-10-18,16,2
2015-10-18,17,4
2015-10-18,18,10
2015-10-18,19,6
2015-10-18,20,5
2015-10-20,11,6
2015-10-20,12,11
2015-10-20,13,10
2015-10-20,15,4
2015-10-20,16,3
2015-10-20,17,8
2015-10-20,18,6
2015-10-20,19,5
2015-10-20,20,5
2015-10-20,21,3
2015-10-20,22,2
2015-10-21,11,7
2015-10-21,12,7
2015-10-21,13,10
2015-10-21,14,1
2015-10-21,15,2
2015-10-21,16,5
2015-10-21,17,5
2015-10-21,18,5
2015-10-21,19,5
2015-10-21,20,3
2015-10-21,21,2
2015-10-21,22,4
2015-10-22,11,5
2015-10-22,12,5
2015-10-22,13,8
2015-10-22,14,4
2015-10-22,15,4
2015-10-22,16,6
2015-10-22,17,5
2015-10-22,18,6
2015-10-22,19,4
2015-10-22,20,5
2015-10-22,21,3
2015-10-22,22,2
2015-10-23,11,1
2015-10-23,12,8
2015-10-23,13,12
2015-10-23,14,3
2015-10-23,15,5
2015-10-23,16,7
2015-10-23,17,5
2015-10-23,18,10
2015-10-23,19,9
2015-10-23,20,3
2015-10-23,21,6
2015-10-23,22,2
2015-10-23,23,1
2015-10-24,12,5
2015-10-24,13,7
2015-10-24,14,4
2015-10-24,15,2
2015-10-24,16,3
2015-10-24,17,5
2015-10-24,18,8
2015-10-24,19,9
2015-10-24,20,5
2015-10-24,21,9
2015-10-24,22,1
2015-10-24,23,1
2015-10-25,11,1
2015-10-25,12,7
2015-10-25,13,7
2015-10-25,14,6
2015-10-25,15,2
2015-10-25,16,4
2015-10-25,17,3
2015-10-25,18,5
2015-10-25,19,6
2015-10-25,20,1
2015-10-25,21,2
2015-10-25,22,1
2015-10-27,11,3
2015-10-27,12,8
2015-10-27,13,4
2015-10-27,14,5
2015-10-27,15,4
2015-10-27,16,6
2015-10-27,17,9
2015-10-27,18,6
2015-10-27,19,6
2015-10-27,20,4
2015-10-27,21,4
2015-10-27,22,3
2015-10-28,11,4
2015-10-28,12,8
2015-10-28,13,10
2015-10-28,14,4
2015-10-28,15,7
2015-10-28,16,3
2015-10-28,17,10
2015-10-28,18,5
2015-10-28,19,2
2015-10-28,20,3
2015-10-28,21,6
2015-10-28,22,1
2015-10-29,11,1
2015-10-29,12,9
2015-10-29,13,11
2015-10-29,14,4
2015-10-29,15,2
2015-10-29,16,6
2015-10-29,17,10
2015-10-29,18,6
2015-10-29,19,3
2015-10-29,20,4
2015-10-29,21,2
2015-10-29,22,1
2015-10-30,11,5
2015-10-30,12,10
2015-10-30,13,10
2015-10-30,14,2
2015-10-30,15,5
2015-10-30,16,2
2015-10-30,17,4
2015-10-30,18,5
2015-10-30,19,3
2015-10-30,20,6
2015-10-30,21,6
2015-10-30,22,5
2015-10-31,12,4
2015-10-31,13,3
2015-10-31,14,5
2015-10-31,15,8
2015-10-31,16,5
2015-10-31,17,6
2015-10-31,18,6
2015-10-31,19,13
2015-10-31,20,7
2015-10-31,21,8
2015-10-31,22,4
2015-11-01,11,1
2015-11-01,12,6
2015-11-01,13,5
2015-11-01,14,2
2015-11-01,15,6
2015-11-01,16,4
2015-11-01,17,6
2015-11-01,18,11
2015-11-01,19,6
2015-11-01,20,2
2015-11-01,21,3
2015-11-01,22,3
2015-11-02,11,4
2015-11-02,12,11
2015-11-02,13,8
2015-11-02,14,2
2015-11-02,15,5
2015-11-02,16,6
2015-11-02,17,5
2015-11-02,18,7
2015-11-02,19,2
2015-11-02,20,1
2015-11-02,21,3
2015-11-02,22,2
2015-11-03,11,3
2015-11-03,12,9
2015-11-03,13,4
2015-11-03,14,3
2015-11-03,16,9
2015-11-03,17,8
2015-11-03,18,3
2015-11-03,19,4
2015-11-03,20,4
2015-11-03,22,2
2015-11-04,11,3
2015-11-04,12,6
2015-11-04,13,7
2015-11-04,14,1
2015-11-04,15,2
2015-11-04,16,3
2015-11-04,17,5
2015-11-04,18,10
2015-11-04,19,3
2015-11-04,20,5
2015-11-04,21,1
2015-11-04,22,3
2015-11-05,11,4
2015-11-05,12,14
2015-11-05,13,4
2015-11-05,14,2
2015-11-05,15,9
2015-11-05,16,5
2015-11-05,17,3
2015-11-05,18,3
2015-11-05,19,3
2015-11-05,20,8
2015-11-05,21,2
2015-11-05,22,1
2015-11-06,11,8
2015-11-06,12,9
2015-11-06,13,6
2015-11-06,14,4
2015-11-06,15,5
2015-11-06,16,4
2015-11-06,17,7
2015-11-06,18,8
2015-11-06,19,3
2015-11-06,20,7
2015-11-06,21,8
2015-11-06,22,4
2015-11-07,11,2
2015-11-07,12,2
2015-11-07,13,5
2015-11-07,14,2
2015-11-07,15,6
2015-11-07,16,8
2015-11-07,17,12
2015-11-07,18,9
2015-11-07,19,4
2015-11-07,20,6
2015-11-07,21,1
2015-11-07,22,4
2015-11-08,11,1
2015-11-08,12,4
2015-11-08,13,3
2015-11-08,14,4
2015-11-08,15,7
2015-11-08,16,7
2015-11-08,17,5
2015-11-08,18,11
2015-11-08,19,3
2015-11-08,21,2
2015-11-08,22,1
2015-11-09,11,5
2015-11-09,12,8
2015-11-09,13,10
2015-11-09,14,3
2015-11-09,15,6
2015-11-09,16,3
2015-11-09,17,4
2015-11-09,18,3
2015-11-09,19,7
2015-11-09,20,5
2015-11-09,21,5
2015-11-09,22,2
2015-11-10,11,3
2015-11-10,12,7
2015-11-10,13,10
2015-11-10,14,2
2015-11-10,15,4
2015-11-10,16,7
2015-11-10,17,8
2015-11-10,18,7
2015-11-10,19,7
2015-11-10,20,5
2015-11-10,21,2
2015-11-11,11,2
2015-11-11,12,4
2015-11-11,13,11
2015-11-11,14,2
2015-11-11,15,4
2015-11-11,16,6
2015-11-11,17,4
2015-11-11,18,3
2015-11-11,19,5
2015-11-11,20,2
2015-11-11,21,1
2015-11-11,22,4
2015-11-12,12,9
2015-11-12,13,6
2015-11-12,14,6
2015-11-12,15,5
2015-11-12,16,8
2015-11-12,17,8
2015-11-12,18,4
2015-11-12,19,5
2015-11-12,20,6
2015-11-12,21,2
2015-11-13,11,3
2015-11-13,12,5
2015-11-13,13,9
2015-11-13,14,3
2015-11-13,15,4
2015-11-13,16,5
2015-11-13,17,8
2015-11-13,18,11
2015-11-13,19,4
2015-11-13,20,6
2015-11-13,21,4
2015-11-13,22,5
2015-11-14,11,2
2015-11-14,12,1
2015-11-14,13,7
2015-11-14,14,5
2015-11-14,15,6
2015-11-14,16,4
2015-11-14,17,4
2015-11-14,18,5
2015-11-14,19,9
2015-11-14,20,4
2015-11-14,21,7
2015-11-14,22,3
2015-11-14,23,1
2015-11-15,11,1
2015-11-15,12,8
2015-11-15,13,8
2015-11-15,14,1
2015-11-15,15,2
2015-11-15,16,5
2015-11-15,17,6
2015-11-15,18,3
2015-11-15,19,3
2015-11-15,20,3
2015-11-15,21,2
2015-11-15,22,3
2015-11-16,11,3
2015-11-16,12,11
2015-11-16,13,6
2015-11-16,14,6
2015-11-16,15,3
2015-11-16,16,6
2015-11-16,17,11
2015-11-16,18,2
2015-11-16,19,5
2015-11-16,20,3
2015-11-16,21,4
2015-11-16,22,1
2015-11-17,11,6
2015-11-17,12,9
2015-11-17,13,5
2015-11-17,14,3
2015-11-17,15,2
2015-11-17,16,1
2015-11-17,17,2
2015-11-17,18,7
2015-11-17,19,6
2015-11-17,20,6
2015-11-17,21,2
2015-11-18,11,5
2015-11-18,12,9
2015-11-18,13,4
2015-11-18,14,4
2015-11-18,15,2
2015-11-18,16,9
2015-11-18,17,2
2015-11-18,18,4
2015-11-18,19,1
2015-11-18,20,3
2015-11-18,21,3
2015-11-19,11,4
2015-11-19,12,5
2015-11-19,13,10
2015-11-19,14,5
2015-11-19,15,6
2015-11-19,16,6
2015-11-19,17,5
2015-11-19,18,11
2015-11-19,19,5
2015-11-19,20,4
2015-11-19,21,5
2015-11-19,22,1
2015-11-20,11,5
2015-11-20,12,6
2015-11-20,13,10
2015-11-20,14,6
2015-11-20,15,1
2015-11-20,16,6
2015-11-20,17,6
2015-11-20,18,7
2015-11-20,19,7
2015-11-20,20,7
2015-11-20,21,2
2015-11-20,22,2
2015-11-21,11,2
2015-11-21,12,2
2015-11-21,13,7
2015-11-21,14,2
2015-11-21,15,5
2015-11-21,16,4
2015-11-21,17,7
2015-11-21,18,10
2015-11-21,19,8
2015-11-21,20,6
2015-11-21,21,3
2015-11-21,22,5
2015-11-22,12,1
2015-11-22,13,8
2015-11-22,14,4
2015-11-22,15,4
2015-11-22,16,7
2015-11-22,17,6
2015-11-22,18,6
2015-11-22,19,2
2015-11-22,20,1
2015-11-22,21,3
2015-11-22,22,1
2015-11-23,11,7
2015-11-23,12,8
2015-11-23,13,5
2015-11-23,14,4
2015-11-23,15,6
2015-11-23,16,3
2015-11-23,17,1
2015-11-23,18,7
2015-11-23,19,3
2015-11-23,20,9
2015-11-23,21,3
2015-11-24,9,1
2015-11-24,11,4
2015-11-24,12,8
2015-11-24,13,8
2015-11-24,14,1
2015-11-24,15,5
2015-11-24,16,9
2015-11-24,17,3
2015-11-24,18,4
2015-11-24,19,4
2015-11-24,20,2
2015-11-24,21,3
2015-11-25,11,6
2015-11-25,12,8
2015-11-25,13,7
2015-11-25,14,8
2015-11-25,15,5
2015-11-25,16,1
2015-11-25,17,7
2015-11-25,18,5
2015-11-25,19,9
2015-11-25,20,3
2015-11-25,21,1
2015-11-25,22,1
2015-11-26,11,7
2015-11-26,12,16
2015-11-26,13,11
2015-11-26,14,5
2015-11-26,15,6
2015-11-26,16,10
2015-11-26,17,10
2015-11-26,18,14
2015-11-26,19,19
2015-11-26,20,6
2015-11-26,21,6
2015-11-26,22,3
2015-11-27,11,7
2015-11-27,12,12
2015-11-27,13,8
2015-11-27,14,7
2015-11-27,15,5
2015-11-27,16,12
2015-11-27,17,6
2015-11-27,18,13
2015-11-27,19,13
2015-11-27,20,14
2015-11-27,21,11
2015-11-27,22,7
2015-11-28,12,5
2015-11-28,13,3
2015-11-28,14,2
2015-11-28,15,7
2015-11-28,16,7
2015-11-28,17,8
2015-11-28,18,5
2015-11-28,19,5
2015-11-28,20,3
2015-11-28,21,3
2015-11-29,11,5
2015-11-29,12,2
2015-11-29,13,7
2015-11-29,14,2
2015-11-29,15,1
2015-11-29,16,6
2015-11-29,17,3
2015-11-29,18,4
2015-11-29,19,9
2015-11-29,20,6
2015-11-29,21,1
2015-11-30,11,6
2015-11-30,12,10
2015-11-30,13,5
2015-11-30,14,1
2015-11-30,15,4
2015-11-30,16,6
2015-11-30,17,8
2015-11-30,18,8
2015-11-30,19,4
2015-11-30,20,3
2015-11-30,21,3
2015-11-30,22,2
2015-12-01,11,5
2015-12-01,12,11
2015-12-01,13,9
2015-12-01,14,3
2015-12-01,15,3
2015-12-01,16,4
2015-12-01,17,8
2015-12-01,18,5
2015-12-01,19,8
2015-12-01,20,2
2015-12-01,21,2
2015-12-01,22,1
2015-12-02,11,4
2015-12-02,12,14
2015-12-02,13,6
2015-12-02,14,2
2015-12-02,15,6
2015-12-02,16,5
2015-12-02,17,4
2015-12-02,18,6
2015-12-02,19,4
2015-12-02,20,4
2015-12-02,21,3
2015-12-02,22,1
2015-12-03,11,2
2015-12-03,12,11
2015-12-03,13,6
2015-12-03,14,3
2015-12-03,15,3
2015-12-03,16,3
2015-12-03,17,10
2015-12-03,18,5
2015-12-03,19,7
2015-12-03,20,4
2015-12-03,21,2
2015-12-04,11,4
2015-12-04,12,7
2015-12-04,13,10
2015-12-04,14,6
2015-12-04,15,2
2015-12-04,16,8
2015-12-04,17,12
2015-12-04,18,4
2015-12-04,19,6
2015-12-04,20,7
2015-12-04,21,3
2015-12-04,22,2
2015-12-04,23,1
2015-12-05,11,4
2015-12-05,12,8
2015-12-05,13,4
2015-12-05,14,5
2015-12-05,15,6
2015-12-05,16,4
2015-12-05,17,3
2015-12-05,18,8
2015-12-05,19,9
2015-12-05,20,5
2015-12-05,21,3
2015-12-05,22,2
2015-12-06,12,3
2015-12-06,13,4
2015-12-06,14,6
2015-12-06,15,5
2015-12-06,16,6
2015-12-06,17,4
2015-12-06,18,10
2015-12-06,19,12
2015-12-06,20,3
2015-12-06,21,1
2015-12-06,22,1
2015-12-07,11,4
2015-12-07,12,9
2015-12-07,13,6
2015-12-07,14,1
2015-12-07,15,3
2015-12-07,16,6
2015-12-07,17,6
2015-12-07,18,6
2015-12-07,19,5
2015-12-07,20,9
2015-12-07,21,2
2015-12-07,22,2
2015-12-08,11,3
2015-12-08,12,7
2015-12-08,13,10
2015-12-08,15,2
2015-12-08,16,5
2015-12-08,17,4
2015-12-08,18,5
2015-12-08,19,6
2015-12-08,20,4
2015-12-08,21,2
2015-12-08,22,2
2015-12-09,11,3
2015-12-09,12,9
2015-12-09,13,9
2015-12-09,14,3
2015-12-09,15,6
2015-12-09,16,4
2015-12-09,17,8
2015-12-09,18,7
2015-12-09,19,6
2015-12-09,20,7
2015-12-09,21,2
2015-12-09,22,1
2015-12-10,11,5
2015-12-10,12,6
2015-12-10,13,11
2015-12-10,14,4
2015-12-10,15,5
2015-12-10,16,3
2015-12-10,17,10
2015-12-10,18,2
2015-12-10,19,4
2015-12-10,20,5
2015-12-10,21,4
2015-12-10,22,3
2015-12-11,11,2
2015-12-11,12,11
2015-12-11,13,10
2015-12-11,14,5
2015-12-11,15,2
2015-12-11,16,4
2015-12-11,17,5
2015-12-11,18,8
2015-12-11,19,8
2015-12-11,20,6
2015-12-11,21,6
2015-12-11,22,6
2015-12-12,11,3
2015-12-12,12,6
2015-12-12,13,5
2015-12-12,14,5
2015-12-12,15,5
2015-12-12,16,5
2015-12-12,17,4
2015-12-12,18,5
2015-12-12,19,6
2015-12-12,20,7
2015-12-12,21,4
2015-12-12,22,1
2015-12-13,11,2
2015-12-13,12,3
2015-12-13,13,5
2015-12-13,14,5
2015-12-13,15,3
2015-12-13,16,5
2015-12-13,17,8
2015-12-13,18,10
2015-12-13,19,4
2015-12-13,20,3
2015-12-13,21,1
2015-12-13,22,3
2015-12-14,11,3
2015-12-14,12,14
2015-12-14,13,4
2015-12-14,15,2
2015-12-14,16,5
2015-12-14,17,9
2015-12-14,18,7
2015-12-14,19,4
2015-12-14,20,6
2015-12-14,21,2
2015-12-14,22,2
2015-12-15,11,2
2015-12-15,12,9
2015-12-15,13,8
2015-12-15,14,3
2015-12-15,15,4
2015-12-15,16,4
2015-12-15,17,5
2015-12-15,18,7
2015-12-15,19,10
2015-12-15,20,4
2015-12-15,21,1
2015-12-15,22,1
2015-12-16,11,5
2015-12-16,12,6
2015-12-16,13,12
2015-12-16,14,3
2015-12-16,15,4
2015-12-16,16,5
2015-12-16,17,7
2015-12-16,18,12
2015-12-16,19,5
2015-12-16,20,6
2015-12-16,21,4
2015-12-17,11,2
2015-12-17,12,10
2015-12-17,13,8
2015-12-17,14,5
2015-12-17,15,3
2015-12-17,16,4
2015-12-17,17,5
2015-12-17,18,7
2015-12-17,19,6
2015-12-17,20,5
2015-12-17,21,1
2015-12-17,22,1
2015-12-18,11,4
2015-12-18,12,10
2015-12-18,13,11
2015-12-18,14,6
2015-12-18,15,1
2015-12-18,16,2
2015-12-18,17,11
2015-12-18,18,12
2015-12-18,19,3
2015-12-18,20,6
2015-12-18,21,5
2015-12-18,22,5
2015-12-19,11,3
2015-12-19,12,8
2015-12-19,13,4
2015-12-19,14,2
2015-12-19,15,2
2015-12-19,16,6
2015-12-19,17,9
2015-12-19,18,7
2015-12-19,19,3
2015-12-19,20,7
2015-12-19,21,6
2015-12-19,22,1
2015-12-19,23,1
2015-12-20,11,1
2015-12-20,12,4
2015-12-20,13,9
2015-12-20,14,4
2015-12-20,15,2
2015-12-20,16,4
2015-12-20,17,3
2015-12-20,18,5
2015-12-20,19,11
2015-12-20,20,7
2015-12-20,22,3
2015-12-21,11,4
2015-12-21,12,7
2015-12-21,13,5
2015-12-21,14,7
2015-12-21,15,4
2015-12-21,16,6
2015-12-21,17,6
2015-12-21,18,5
2015-12-21,19,5
2015-12-21,20,2
2015-12-21,21,1
2015-12-21,22,3
2015-12-22,11,6
2015-12-22,12,10
2015-12-22,13,7
2015-12-22,14,3
2015-12-22,15,4
2015-12-22,16,10
2015-12-22,17,5
2015-12-22,18,3
2015-12-22,19,2
2015-12-22,20,5
2015-12-22,21,2
2015-12-22,22,1
2015-12-23,11,5
2015-12-23,12,5
2015-12-23,13,11
2015-12-23,14,5
2015-12-23,15,3
2015-12-23,16,1
2015-12-23,17,8
2015-12-23,18,7
2015-12-23,19,4
2015-12-23,20,4
2015-12-23,21,3
2015-12-24,11,5
2015-12-24,12,7
2015-12-24,13,4
2015-12-24,14,2
2015-12-24,15,6
2015-12-24,16,5
2015-12-24,17,6
2015-12-24,18,7
2015-12-24,19,4
2015-12-24,20,5
2015-12-24,21,3
2015-12-24,22,2
2015-12-26,11,1
2015-12-26,12,4
2015-12-26,13,3
2015-12-26,14,4
2015-12-26,15,3
2015-12-26,16,4
2015-12-26,17,2
2015-12-26,18,4
2015-12-26,19,3
2015-12-26,20,1
2015-12-26,21,5
2015-12-26,22,4
2015-12-27,11,3
2015-12-27,12,3
2015-12-27,13,2
2015-12-27,14,1
2015-12-27,15,7
2015-12-27,16,5
2015-12-27,17,4
2015-12-27,19,5
2015-12-27,20,3
2015-12-27,21,2
2015-12-28,11,3
2015-12-28,12,9
2015-12-28,13,3
2015-12-28,14,2
2015-12-28,15,2
2015-12-28,16,3
2015-12-28,17,5
2015-12-28,18,4
2015-12-28,19,3
2015-12-28,20,1
2015-12-28,21,2
2015-12-28,22,2
2015-12-29,11,1
2015-12-29,12,3
2015-12-29,13,7
2015-12-29,14,1
2015-12-29,15,1
2015-12-29,16,3
2015-12-29,17,2
2015-12-29,18,3
2015-12-29,19,3
2015-12-29,21,1
2015-12-29,22,2
2015-12-30,11,4
2015-12-30,12,4
2015-12-30,13,5
2015-12-30,14,1
2015-12-30,15,2
2015-12-30,16,3
2015-12-30,17,4
2015-12-30,18,2
2015-12-30,19,4
2015-12-30,20,3
2015-12-31,11,3
2015-12-31,12,7
2015-12-31,13,5
2015-12-31,14,3
2015-12-31,15,5
2015-12-31,16,9
2015-12-31,17,7
2015-12-31,18,13
2015-12-31,19,12
2015-12-31,20,5
2015-12-31,21,2
2015-12-31,22,1
2015-12-31,23,1
